id:ID,action,source_project,:LABEL
Strat_001,"기존 진입로와 동일한 수준의 콘크리트 포장 임시 우회도로를 신설하고, PE드럼 및 경광등 등 교통안전시설물을 즉시 배치하여 리스크 해소_평택 브레인시티 1단계",평택 브레인시티 1단계,Strategy
Strat_002,"개정된 기준에 맞추어 교통처리계획을 재수립하고, 과속단속카메라, 쏠라윙카, PE드럼 등 필수 교통안전시설물을 대거 추가 배치_서울고덕강일지구 방음시설",서울고덕강일지구 방음시설,Strategy
Strat_003,"민원 해소 및 공사 속개를 위해 당일 굴착·복구를 시행하고, 차량 통행 유지를 위해 2단계 교통전환(Traffic Switch) 우회도로 신설_안성구리 광역상수도 이설공사",안성구리 광역상수도 이설공사,Strategy
Strat_004,"장비의 안전한 진출입 및 작업 반경 확보를 위해 공사용 가설도로를 추가 조성하고, 골재 치환 및 복공판 보강을 통해 지내력 확보_화양전력구",화양전력구,Strategy
Strat_005,"공사 중단 후 즉각적으로 아파트 주민용 임시 진입도로(우회도로)를 신설하고, 교통 신호수 및 안내 간판을 전면 배치하여 민원 해결_양주회천 택지개발사업",양주회천 택지개발사업,Strategy
Strat_006,민원 조기 해소 및 원활한 진출입로 확보를 위해 파손된 기존 도로 구간을 시공사 직영으로 긴급 재포장(아스콘 덧씌우기) 실시_김포-관산 도로,김포-관산 도로,Strategy
Strat_007,"파손된 가설방음벽 철거 후 지주 기초를 보강하여 재설치하고, 피해 차량에 대해서는 영업배상 보험 처리를 통해 신속하게 합의_옥동-농소 도로",옥동-농소 도로,Strategy
Strat_008,"기계타설 대신 인력타설 공법으로 전면 변경하고, 심야 시간에 고속도로 차로를 차단한 후 야간 인력포장을 통해 접속부 완료_상주-영천 고속도로 1공구",상주-영천 고속도로 1공구,Strategy
Strat_009,• 보안물건 인접 구간은 초기부터 기계 굴착(할암)으로 도급 내역 반영. • 인허가 반려 시 대안 공법 전환을 위한 Contingency 조항 계약 편입._노포북정 3공구,노포북정 3공구,Strategy
Strat_010,• 발주처에 대항력 있는 '행정 명령에 의한 공기 지연' 실정보고 추진. • 도심지 터널은 초기부터 1일 발파 횟수를 보수적으로 축소 설계._오남수동도로,오남수동도로,Strategy
Strat_011,• 굴착 용수와 타설 폐수의 성상을 분리 분석하여 복합 수처리 시설 설계. • pH 저감 및 약품 자동 투입 장치 비용을 내역에 명시적 반영._새만금전주 6공구,새만금전주 6공구,Strategy
Strat_012,• 설계 도면과 지적도를 3D 하이라이팅하여 사유지 침범 여부 전수 검토. • 보상 미완료 시 장비 투입 금지 및 발주처 귀책 공기 연장 선제 제기._수인선 2-2,수인선 2-2,Strategy
Strat_013,• 산림/지적 대장 사전 확인하여 재선충 방제 등 특수 인허가 용역비 반영. • 인허가 완료 기한(최소 6개월)을 갱구 굴착의 Critical Path로 설정._새만금전주 5공구,새만금전주 5공구,Strategy
Strat_014,침수 구간 긴급 뻘 청소 시행 및 대용량 양수기 8대를 현장에 추가 전진 배치하여 재발 방지_진접선 3공구,진접선 3공구,Strategy
Strat_015,증가된 유입량을 완벽히 처리할 수 있도록 오폐수 처리시설을 신속히 추가 설치 및 증설 완료_삼성-동탄 2공구,삼성-동탄 2공구,Strategy
Strat_016,"기존 관정 사용을 즉각 제한하고, 살수차를 추가 임대 투입하여 외부에서 터널 작업용수를 대체 공급 조치_새만금전주 6공구",새만금전주 6공구,Strategy
Strat_017,법적 수질 관리를 위해 이동식 오탁수 처리시설을 현장에 긴급 설치하고 유출수를 정화 후 방류하도록 설계변경_김포-관산 도로,김포-관산 도로,Strategy
Strat_018,"현장 용출수 지속 발생에 따른 필수 조치임을 입증하고, 후속 공정 기간에 해당하는 운영비를 실정보고하여 반영_오남수동도로",오남수동도로,Strategy
Strat_019,장비 조합을 변경하고 터널 인근 부지를 추가 임대하여 안전한 적적공간 확보_새만금전주 6공구,새만금전주 6공구,Strategy
Strat_020,내역에 누락된 야적장 부지 조성 비용을 발주처에 실정보고하여 비용 반영 및 부지 확보_평화의댐 치수,평화의댐 치수,Strategy
Strat_021,법적 기준을 만족하는 안전시설을 즉각 내역에 반영하고 조기 설치하여 인허가 취득_울릉도일주도로,울릉도일주도로,Strategy
Strat_022,유휴 부지에 집하장을 조성하고 폐기물 소운반 및 집적 비용을 실정보고 승인 득함_부산명지 택지,부산명지 택지,Strategy
Strat_023,콘크리트 타설 및 휀스 설치 비용을 실정보고하여 적법한 야적 기반 조성_서울고덕 강일,서울고덕 강일,Strategy
Strat_024,반출 지연을 입증하여 후방 집토를 위해 투입된 소운반비를 발주처에 실정보고_오남수동 도로,오남수동 도로,Strategy
Strat_025,외부 임대 부지를 확보하고 비산먼지 방지 시설 및 소운반비를 설계변경 반영 추진_김포-관산 도로,김포-관산 도로,Strategy
Strat_026,분할된 동선에 맞게 세륜시설 3개소를 긴급 추가 설계 반영하여 먼지 완벽 제어_성남복정 택지,성남복정 택지,Strategy
Strat_027,신속한 보험처리 및 보상 완료 후 전 구간 지주 기초를 와이어로프로 보강 재설치_옥동-농소 도로,옥동-농소 도로,Strategy
Strat_028,이동식 살수시설을 긴급히 추가 배치하고 환경관리비 예산을 추가 집행 조치_평택 화양지구,평택 화양지구,Strategy
Strat_029,이동식 크라샤로 장비를 변경하여 단기 생산 후 신속 철거 및 장소 이동으로 민원 제어_칠북-북면 도로,칠북-북면 도로,Strategy
Strat_030,"실제 지반 조건(암선 및 암질)을 재조사하여 사면 슬라이딩 구간에 대한 사면 안정성 검토를 재수행한 후, 적절한 보강 공법을 적용하여 설계변경 추진함_광양시 우회도로",광양시 우회도로,Strategy
Strat_031,"붕괴 구간 및 인접 구간에 대해 한계평형해석을 재수행하여, 안정성이 확보되는 완만한 기울기로 절취 사면 경사를 대폭 완화(구배 조정)함_오남수동도로",오남수동도로,Strategy
Strat_032,"원인 분석을 통해 단순 복구가 아닌 현장 여건에 맞는 보강 공법(어스앵커, 숏크리트 등)을 재검토하고 발주처에 설계변경 승인을 득하여 시공함_여수시우회도로",여수시우회도로,Strategy
Strat_033,"비탈면 안정해석을 재수행하여, 앵커(Anchor), 쏘일네일링(Soil Nailing), 계단식 옹벽, 두꺼운 식생기반 취부공(T=10cm) 및 낙석방지 울타리를 종합적으로 적용하여 전면 보강함_칠북-북면간 도로",칠북-북면간 도로,Strategy
Strat_034,"사면 요철 현황을 정밀 측량하여 증빙 자료를 작성하고, 누락된 낙석방지망 15% 할증 수량을 재산출하여 발주처에 실정보고 및 도급 내역 증액을 추진함_평화의댐 치수능력증대",평화의댐 치수능력증대,Strategy
Strat_035,"한계평형해석 등 사면안정성 검토를 재수행하여, 무보강 구간에 락볼트 및 숏크리트 등 강성 보강공법을 추가 반영하고 즉각 시공하여 안정성을 확보함_오남수동도로",오남수동도로,Strategy
Strat_036,"낙석 중량 및 에너지를 현장 조건에 맞게 재산정하고, 그 결과(흡수 에너지 용량)를 충족할 수 있도록 고강도 낙석방지울타리로 설계를 보완하여 재설치함_오남수동도로",오남수동도로,Strategy
Strat_037,"암 성상별로 보강공법을 세분화하여, 얇은/두꺼운 식생기반 취부공(T=3~10cm) 및 낙석방지 울타리, 낙석방망을 대대적으로 추가 설계 반영함_칠북-북면간 도로",칠북-북면간 도로,Strategy
Strat_038,일자산 사면 인접 굴착 배면에 어스앵커를 긴급 추가 설계 및 시공하여 편토압에 의한 붕괴를 선제적으로 방지함_서울지하철 923공구,서울지하철 923공구,Strategy
Strat_039,"사면의 미제거 부석을 철저히 제거(스케일링)하고, 부적합한 떼붙임 대신 숏크리트 타설 및 식생매트 등 적극적인 사면보호공법으로 변경 시공함_양주회천 택지개발사업",양주회천 택지개발사업,Strategy
Strat_040,"블록 접지면 틈새 채움을 철저히 이행하고, 앵커 설치 방향 점검 및 장기 지반 거동을 고려하여 설계 및 시공을 보완함_안동댐비상여수로",안동댐비상여수로,Strategy
Strat_041,사면 안정성 검토를 바탕으로 갱구부 사면 안정을 위해 쏘일네일링(Soil Nailing) 공법을 신규로 추가 반영하여 보강함_부산외곽순환고속 9공구,부산외곽순환고속 9공구,Strategy
Strat_042,사면 붕괴 방지 및 도로 폭 유지를 위해 성토 사면 하단부에 석축(찰쌓기) 옹벽을 별도로 추가 설계 변경하여 시공함_웅동-장유 국도확장,웅동-장유 국도확장,Strategy
Strat_043,워터제트 장비 추가 투입 및 심야 운행선 인접 야간 작업 할증 비용을 실정보고 통해 반영함_인천공항철도연계시설확충,인천공항철도연계시설확충,Strategy
Strat_044,관리기관과 협의하여 지장선로 이설 계획을 수립하고 설계변경을 통해 이설 비용을 반영함_포승-평택철도 1공구,포승-평택철도 1공구,Strategy
Strat_045,화약류를 사용하지 않는 비발파 유압식 할암 공법으로 굴착 계획을 변경하여 인허가 문제를 해결하고 시공함_노포북정3공구,노포북정3공구,Strategy
Strat_046,즉각 시공을 중단하고 유관기관과 협의하여 통신케이블을 안전 구간으로 우선 이설 조치 후 공사를 재개함_인천공항철도연계시설확충,인천공항철도연계시설확충,Strategy
Strat_047,Fast-Track으로 안전영향평가를 선시행하고 평가 결과에 따른 감지 시설 등을 설치하여 적법하게 인허가를 조기 획득함_사상하단4공구,사상하단4공구,Strategy
Strat_048,환경영향평가 협의를 준수하여 서식 구역 보호 차단망을 설치하고 포획/이주 비용을 실정보고 통해 반영함_서해선 홍성-송산 5공구,서해선 홍성-송산 5공구,Strategy
Strat_049,강지보 보강 및 지표 시설물 보수 후 안정성 검토 용역을 통해 보강 방안 수립 후 굴착 재개_서해선 홍성-송산 전철 5공구,서해선 홍성-송산 전철 5공구,Strategy
Strat_050,굴진 중단 후 추가 암선 측방 확인 천공을 실시하고 지보 패턴을 토사 조건에 맞게 대폭 상향(PD-5A/5B) 변경함_김포도시철도 3공구,김포도시철도 3공구,Strategy
Strat_051,막장 안정 확보를 위해 상반 막장면에 숏크리트 뿜어붙이기 보강 공법(막장 숏크리트)을 추가 적용함_김포도시철도 3공구,김포도시철도 3공구,Strategy
Strat_052,"정밀 발파 패턴 관리 및 암판정을 강화하고, 초과 투입된 물량에 대해 실정보고를 통한 도급 보전 추진_새만금전주 6공구",새만금전주 6공구,Strategy
Strat_053,터널학회 자문을 통해 보약 설계 타당성을 입증하고 국토부 총사업비 심의를 통해 도급 증액(408억) 및 복구함_울산~포항 전철 2공구,울산~포항 전철 2공구,Strategy
Strat_054,현장 여건에 맞게 장비 운용이 가능한 상·하분할 롱벤치 공법으로 설계 변경하여 시공성 확보_김포도시철도 3공구,김포도시철도 3공구,Strategy
Strat_055,천단 안정을 위해 지보패턴을 보수적인 상하분할 굴착(PS-2B)으로 대폭 상향하고 지보재를 집중 보강함_서울지하철 923공구,서울지하철 923공구,Strategy
Strat_056,"발파 공법을 전면 취소하고, 비용은 높으나 진동이 없는 무진동 또는 초정밀 진동 제어 공법으로 변경 시공함_서울지하철 923공구",서울지하철 923공구,Strategy
Strat_057,임의 투입된 바닥 보강 수량을 실측 증빙하여 도급 반영을 추진하고 지반 상이에 따른 실정보고 조치_동대구-영천전철 4공구,동대구-영천전철 4공구,Strategy
Strat_058,암판정 위원회 결과를 근거로 패턴을 PD-4(분할굴착)로 즉각 변경하고 증가된 지보재 비용 승인을 득함_도담-영천전철 6공구,도담-영천전철 6공구,Strategy
Strat_059,라이닝 폼 개조를 통해 갱문과 본선을 일체 타설하여 구조적 안정성 및 수밀성 확보_새만금전주 5공구,새만금전주 5공구,Strategy
Strat_060,지반조건 재조사 후 구조계산 최적화 및 양측 대칭 층따기/균형 되메우기 정밀 시공 지침 수립_시흥장현지구 1공구,시흥장현지구 1공구,Strategy
Strat_061,협소 구간은 대형 장비 대신 쏘일시멘트 채움 등 대체 공법을 적용하여 장비 측압 최소화_부산외곽순환고속 9공구,부산외곽순환고속 9공구,Strategy
Strat_062,록볼트가 완전히 매립되도록 현장 여건에 맞게 숏크리트 두께를 보정하고 설계변경 추진_안성-구리고속 11공구,안성-구리고속 11공구,Strategy
Strat_063,누락된 배수 동판 자재를 긴급 수급하여 정밀 시공하고 실정보고를 통해 도급 증액 확보_서울지하철 923공구,서울지하철 923공구,Strategy
Strat_064,피암터널 상부의 편경사를 전면 수정하고 우수 정체 방지를 위한 추가 지수 대책 수립/시공_울릉도일주도로2,울릉도일주도로2,Strategy
Strat_065,외기 노출 구간에 전열선(Heat Tracing) 및 보온 단열재 보강 공법을 상향 적용하여 시공_전주-남원1공구,전주-남원1공구,Strategy
Strat_066,누락 수량을 즉시 실정보고하여 설계변경 승인을 득하고 적기에 가복공 구조물 시공 완료_울릉공항,울릉공항,Strategy
Strat_067,1개월 이상 방치 예상 시 일반 결속 대신 굵은 반생 결속 및 용접 보강으로 고정력 강화_충주댐치수능력증대,충주댐치수능력증대,Strategy
Strat_068,마감 거푸집 설계를 보충하고 타설 시 측압에 저항할 수 있는 타이로드 및 지지 보강 상세 적용_부산외곽순환고속 9공구,부산외곽순환고속 9공구,Strategy
Strat_069,배면 사면 수계 분석을 재실시해 가배수로/집수정 용량을 상향하고 사면 천막 보양 및 유도 배수관 설치_사상하단 4공구 등,사상하단 4공구 등,Strategy
Strat_070,"사면 붕괴 위험 구간에 낙석방지 울타리, 락볼트, 식생기반 취부공 등 강력한 영구 보호 대책을 보강_사상하단/칠북-북면 등",사상하단/칠북-북면 등,Strategy
Strat_071,부적합 토사를 배제하고 외지 양질토를 반입해 양측면을 대칭으로 정밀 층다짐 성토하며 계측 관리 강화_울릉도일주/시흥장현 등,울릉도일주/시흥장현 등,Strategy
Strat_072,뒤채움 시 시멘트 혼입 다짐으로 강도를 높이고 최소 3개월 이상의 침하 수렴 기간을 확보한 뒤 상부 타설_새만금-전주 7공구 등,새만금-전주 7공구 등,Strategy
Strat_073,비탈면을 따라 유지관리용 점검 계단을 시공하고 갱문 상단 추락 방지용 안전 난간을 실정보고로 추가 반영_진접선 3공구 등,진접선 3공구 등,Strategy
Strat_074,투수성과 동상 안정성이 검증된 양질의 토사를 사용하고 맹암거 및 필터망 시공 상태를 전수 검측_포항시우회도로 등,포항시우회도로 등,Strategy
Strat_075,절취 즉시 보강 작업을 선행하고 우기 전 방수포 덮기 및 상부 유도 배수 조치를 철저히 이행_오남수동도로 등,오남수동도로 등,Strategy
Strat_076,협소 구간은 쏘일시멘트로 치환 타설해 다짐 한계를 극복하고 접속부에 어프로치 슬래브를 필수 설치_동대구-영천 4공구 등,동대구-영천 4공구 등,Strategy
Strat_077,착수 전 시설물 하부 사면에 게비온 옹벽 등을 선시공해 보강하고 제어 발파 및 실시간 계측을 수행_칠북-북면 도로 등,칠북-북면 도로 등,Strategy
Strat_078,암질 조건에 맞춰 취부 두께를 3~10cm로 상향하고 보습력이 뛰어난 유기질 기반재와 자생 수종을 배합_칠북-북면/예천양수 등,칠북-북면/예천양수 등,Strategy
Strat_079,누락된 동판 설치 비용을 실정보고로 반영하고 조인트 지수재 및 방수 코킹 시공 상태를 전수 확인_서울지하철 923공구 등,서울지하철 923공구 등,Strategy
Strat_080,사면 변위 우려 구간에 비탈면 경보시스템 및 자동화 계측기를 선행 설치하고 기준치 초과 시 즉시 대피 체계 가동_칠북-북면 / 성남복정 등,칠북-북면 / 성남복정 등,Strategy
Strat_081,거푸집 세팅 시 3D 스캐너로 내공 치수를 정밀 측량하고 방제시설 부착을 고려해 넉넉한 단면으로 보수적 설계 적용_터널 현장 공통,터널 현장 공통,Strategy
Strat_082,배수로 종점부에 바닥보호공 및 세굴 방지용 사석 부설을 설계에 반영하고 유속 감쇄용 웅덩이(감세공) 설치_수원외곽 / 양주회천 등,수원외곽 / 양주회천 등,Strategy
Strat_083,전선 인입부 등 모든 조인트에 고내구성 실런트를 적용하고 옥외 전선관 입구에 빗물 유입 방지 트랩(U-Trap) 설치_고군산 2공구 / 영암-해남 등,고군산 2공구 / 영암-해남 등,Strategy
Strat_084,실시설계 도면과 수량산출서를 대조하여 누락된 사면 흙깎기 및 인공지반 갱문 구축 수량을 찾아내고 설계변경(실정보고)을 통해 도급 내역에 추가 반영_울릉공항,울릉공항,Strategy
Strat_085,양방향 3개소에 배정된 강재거푸집 3개 중 1개를 반으로 절단/개조하여 갱문 일체시공이 가능하도록 라이닝폼을 변경하고 실정보고 승인을 득함_새만금전주 5공구,새만금전주 5공구,Strategy
Strat_086,도면에 표기된 갱문 조인트 부위 유도배수용 동판 물량을 산출하여 설계변경에 추가 반영하고 수밀하게 밀착 시공함_서울지하철 923공구,서울지하철 923공구,Strategy
Strat_087,"유관기관 합동점검 지적사항을 즉각 수용하여, 갱문 상단에 12m의 토사낙하방지턱을 펌프카를 동원해 타설하고 16m의 안전난간 및 비산방지철망을 긴급 추가 설치함_진접선 3공구",진접선 3공구,Strategy
Strat_088,"위험 인지 즉시 굴착을 전면 보류하고 본사 기술연구소의 사면 안정성 검토를 거쳐, 갱문 사면 보강공법(Soil Nailing)을 추가 설계 반영하여 지반 안정성 확보 후 시공 재개_부산외곽순환고속 9공구",부산외곽순환고속 9공구,Strategy
Strat_089,구조물 경사계 등 자동화 계측 강화 및 수평 보강 그라우팅(ASG 공법 등) 긴급 시행으로 안정성 확보_광명전력구,광명전력구,Strategy
Strat_090,굴착 전 인력 줄파기 범위를 확대하고 사고 즉시 긴급 복구 및 지장물 누락에 의한 실정보고 추진_GTX-A 6공구,GTX-A 6공구,Strategy
Strat_091,사고지점 긴급 복구 후 철거 공법을 기계식에서 인력 철거로 변경하여 잔여 구간 안전성 확보_사상하단4공구,사상하단4공구,Strategy
Strat_092,지반 이완을 최소화하기 위해 현장 타설 공법을 프리캐스트(PC) Box 거치 공법으로 설계 변경하여 조기 안정성 확보_인천공항철도연계,인천공항철도연계,Strategy
Strat_093,가시설 버팀보에 수직 레이커(Raker) 및 지반 보강 그라우팅을 추가하여 지반 지지력을 대폭 강화_서울지하철 923공구,서울지하철 923공구,Strategy
Strat_094,인접 사업 간섭을 고려한 통합 계측망 구축 및 고강도 그라우팅을 통한 교대 주각부 선제적 보강_에코델타시티 2-1,에코델타시티 2-1,Strategy
Strat_095,상수관로 이설 및 영향권 내 보강토 옹벽 하부 저유동몰탈주입(CGS) 공법을 적용하여 지반 근본 강화_칠북-북면간 도로,칠북-북면간 도로,Strategy
Strat_096,열 팽창을 흡수할 수 있는 U-Bend 설계 추가 및 전문기관 정말 구조 검토를 통한 보강 상세 적용_삼성-동탄 GTX 2공구,삼성-동탄 GTX 2공구,Strategy
Strat_097,터파기 심도를 획기적으로 줄일 수 있는 저심도 구조물(U-Type)로 설계를 변경하여 안정성 극대화_동대구-영천전철 4공구,동대구-영천전철 4공구,Strategy
Strat_098,관정 양수 중단 및 공사용수를 살수차(외부 공급)로 대체하는 설계변경을 통해 지반 하부 수압 회복_새만금전주 6공구,새만금전주 6공구,Strategy
Strat_099,보수 불가 판정에 따라 해당 부지 및 건물을 전면 매입 후 선철거하고 실정보고를 통해 사업비 증액_수인선 2-2공구,수인선 2-2공구,Strategy
Strat_100,되메우기 시 가시설 인발을 철저히 확인하고 협소 구간은 유동성 채움재(쏘일시멘트 등)로 완전 밀실 채움_일반 / 공통,일반 / 공통,Strategy
Strat_101,"이음부 사이 특수 지수재 주입 및 조인트 강성 보강, 타 공구와의 공정 조정 및 합동 계측 시행_시화하수처리장",시화하수처리장,Strategy
Strat_102,단선 방지용 아머드 케이블 및 고품질 센서로 전면 교부 매설하고 장비 접근 금지용 보호 펜스 설치_평화의댐,평화의댐,Strategy
Strat_103,배면 재굴착 후 고강도 필터매트 정밀 시공 및 수리 계산에 근거한 충분한 두께의 쇄석층 보강_평택항외곽호안,평택항외곽호안,Strategy
Strat_104,노면 정리를 위한 전담 장비(그레이더 등) 및 살수/배수 인건비를 설계에 추가 반영하고 상시 평탄화 실시_파주포천도로 2공구,파주포천도로 2공구,Strategy
Strat_105,작업 공간 확보가 용이하도록 마이크로 벤치에서 롱벤치 공법으로 설계를 변경하여 장비 운용의 독립성 확보_김포도시철도 3공구,김포도시철도 3공구,Strategy
Strat_106,터널 내 일정 간격마다 가적치장 또는 비상주차대를 활용한 임시 회차로를 조성하고 운반 보전비를 정산 승인함_오남수동 도로,오남수동 도로,Strategy
Strat_107,"보행자 전용 가설 통로를 신설하여 동선을 완전 분리하고 교차 구간에 전담 교통 신호수를 다수 추가 배치함_성남복정1, 2지구","성남복정1, 2지구",Strategy
Strat_108,사각지대 해소를 위해 공사용 가도의 위치를 변경하고 펌프카가 내부까지 접근 가능한 진입로를 설계 변경을 통해 구축_고덕산단 1단계,고덕산단 1단계,Strategy
Strat_109,곡선부 내 장비 최소 회전 궤적을 실측하여 가시설 점유 범위를 조정하고 이동식 라이닝 폼 등 대안 공법 도입_일반 / 터널 공통,일반 / 터널 공통,Strategy
Strat_110,• 설계 단계부터 갱외 대규모 임시 야적 부지 임대료 및 인허가 대비 예산 확보. • 하역장 안전 확보용 불도저 상시 배치 및 안전턱(Berm) 조성비 반영._새만금전주 6,새만금전주 6,Strategy
Strat_111,• 굴착 연장에 비례한 노면정리장비(그레이더/살수차) 임대료 및 골재 부설비 반영. • 운송 노조의 특수 수당구간(급경사 하향굴착 등) 할증비를 사전 도급에 포함._파주포천 2공구,파주포천 2공구,Strategy
Strat_112,• 3D 스캐너 활용 여굴 실시간 프로파일링 및 굴착 형상 관리. • 점보드릴 가이드 시스템 최적화 및 고성능 액상 급결제 적용._오남수동도로,오남수동도로,Strategy
Strat_113,• 보안물건 인접 구간은 설계 단계부터 화약 발파를 배제하고 기계 굴착(할암) 반영. • 불가피할 경우 강력한 비산 방지 덮개 및 방호 옹벽 계획 수립._노포북정 3공구,노포북정 3공구,Strategy
Strat_114,• 주민 대표 참관 하에 시험발파 시행 및 계측 데이터 투명 공유. • 민원 합의금(위로금) 예산 선제 확보 및 발주처 책임 분담 테이블 구성._새만금전주 5,새만금전주 5,Strategy
Strat_115,• 발파 직후 3D 스캐닝을 통해 미굴부 즉각 Chipping 및 소발파 실시. • 발파 설계 시 뇌관 기폭 순서 최적화 및 장약량 정밀 제어._오남수동도로,오남수동도로,Strategy
Strat_116,• 착공 초기 경찰서 협의를 통해 현실적 발파 시간(주간 8시간 등) 확정 및 공정표 재수립. • 불발항력적 인허가 조건 변경을 사유로 발주처에 공기 연장 및 간접비 공식 청구._오남수동도로,오남수동도로,Strategy
Strat_117,"물리적 수치(kine) 외에 민원인의 감각적 피해 보상을 위한 협상 예산을 확보하고, 공법 변경에 따른 공기 연장 책임을 명확히 함._새만금전주 5공구",새만금전주 5공구,Strategy
Strat_118,"도심지 및 고속도로 초인접 구간은 설계 시 발파를 배제하고 기계식 굴착을 적용하며, 불가피 시 비산 방지 정밀 대책으로 경찰을 설득함._노포북정 3공구",노포북정 3공구,Strategy
Strat_119,"기존 운영선이나 도심지 상가 구조물과 극근접 교차하는 구간은 화약류 발파를 원천 배제하고 무진동 굴착(로드헤더, 할암) 단가를 선제적으로 도급 내역에 반영함._대구도시철도 305공구",대구도시철도 305공구,Strategy
Strat_120,"도심지 의료시설 등 초정온시설 인접 발파/굴착 공사 시, 굴착 장비 상부에 국소 방음 챔버를 씌우거나 무진동/무소음 굴착 공법을 1순위로 채택하여 설계 가설내역에 반영함._서울지하철 923공구",서울지하철 923공구,Strategy
Strat_121,"설계 시 상업시설 인접 구간은 '영업 피해 민원 발생'을 디폴트 리스크로 산정하고, 도급 내역에 정밀제어발파 또는 기계굴착 단가를 보수적으로 우선 배정함._오남수동도로",오남수동도로,Strategy
Strat_122,"도심지 발파 현장 설계 시, 지자체 환경 조례 및 지역 주민 집단 민원에 대비하여 최고 수준의 소음/진동 억제 설비(스마트 실시간 계측 등)를 환경관리비 및 직접공사비에 100% 할증 설계함._성남복정1·2 공공주택지구",성남복정1·2 공공주택지구,Strategy
Strat_123,"도심지 및 민가 인접 대규모 발파장 운영 설계 시, '환경컨설팅 용역비' 및 '인접 구조물 정밀 사전/사후조사비'를 도급 내역(환경관리비)에 100% 사전 편입함._송산그린시티 남측지구 3공구",송산그린시티 남측지구 3공구,Strategy
Strat_124,"암질에 적합하도록 발파 패턴을 최적화(저항선, 공간격 조절, 미진동 제어발파 적용)하여 정밀 천공을 유도하고, 여굴에 따른 숏크리트 손실분에 대해 실정보고를 통한 협력업체 적자 보전을 협의함_새만금전주 6공구",새만금전주 6공구,Strategy
Strat_125,"여굴 발생 부위에 대한 정확한 3D 스캐닝 및 단면 측량을 통해 초과 물량을 객관적으로 산출하고, 발주처에 지보패턴 상향에 따른 불가피한 여굴 채움 비용으로 실정보고 정산 반영을 추진함_파주포천도로 2공구",파주포천도로 2공구,Strategy
Strat_126,"공사계약 일반조건 제6절에 근거하여 발파 굴착의 한계성 및 미굴 정리의 불가피성을 객관적으로 소명하고, 바닥 및 면정리를 위한 기계 굴착 단가 도급 반영을 지속적으로 추진함_오남수동도로",오남수동도로,Strategy
Strat_127,"심발부 발파 패턴(V컷, 실린더컷 등)을 불량 암질에 맞게 신속히 변경하고, 화약 전문가를 동원하여 천공 위치 및 장약량을 최적화함으로써 1회 발파당 굴진 효율을 끌어올림_새만금전주 5공구",새만금전주 5공구,Strategy
Strat_128,"천공 장비(점보드릴)의 각도계 활용 및 컴퓨터 제어 천공(Computerized Drilling) 유도로 정밀도를 높여 여굴을 제어하고, 요철보정층은 고정값이 아닌 현장 상황에 맞게 유동적으로 실측 정산되도록 발주처와 합의함_일반 / 공통 (중봉터널)",일반 / 공통 (중봉터널),Strategy
Strat_129,"변경된 분할 굴착 패턴에 맞게 굴착 장비(점보드릴, 로더 등)의 투입 동선을 재배치하고, 지보패턴 상향 및 분할 발파에 따른 단가 증액을 실정보고를 통해 도급에 즉시 반영함_새만금전주 5공구",새만금전주 5공구,Strategy
Strat_130,"연약 바닥면 출현 시 무리한 장비 작업을 중지하고, 감리단 입회 하에 현장 실측을 실시하여 바닥면 불량에 따른 필수 보강(빈배합 타설) 비용을 발주처 실정보고로 청구함_동대구-영천전철 4공구",동대구-영천전철 4공구,Strategy
Strat_131,"발파와 기계 굴착 병행 구간에 대한 명확한 작업 효율 저하 근거 자료(실측 작업일지, 동영상, 전문가 소견 등)를 확보하여 법원 감정 평가 시 증거로 제출하고 소송에 적극 대응함_일반 / 공통 (철도지하철팀)",일반 / 공통 (철도지하철팀),Strategy
Strat_132,"3D 스캐닝(광파기) 측량 데이터를 확보하여 여굴량을 수치화하고, 이를 근거로 발주처에 추가 물량 정산 실정보고 단행._파주-포천 2공구",파주-포천 2공구,Strategy
Strat_133,"선진수평시추(TSP)를 통해 패턴 변경 구간을 조기 확정하고, 분할 굴착에 최적화된 장비 조합 투입 및 실정보고 승인 득함._도담-영천 6공구",도담-영천 6공구,Strategy
Strat_134,"공인기관 입동 하에 시험발파를 실시하여 객관적 데이터를 확보하고, 이를 근거로 발파 단가 상향 설계변경 승인 득함._칠북-북면간 도로",칠북-북면간 도로,Strategy
Strat_135,"터널 수량산출 시 이상적 평면 굴착 가정을 배제하고, 발파 특성을 반영한 '요철보정층(레벨링 콘크리트)' 수량을 도급 내역서에 명확히 편입시킴._부산외곽순환고속 9공구",부산외곽순환고속 9공구,Strategy
Strat_136,터널 공동구 설계 시 바닥부 여굴 채움용 콘크리트 할증 물량 및 가설 거푸집 물량을 표준품셈에 근거하여 별도 아이템으로 계상함._웅동-장유 국도확장,웅동-장유 국도확장,Strategy
Strat_137,"대심도 터널 지반조사 시 지하수위 변동 및 파쇄대 존재 가능성을 보수적으로 평가하여 예비 패턴을 결정하고, 굴착 중 징후 발견 시 즉각 실정보고를 수행함._서울지하철 923공구",서울지하철 923공구,Strategy
Strat_138,"발파 패턴 최적화(제어발파 등)를 통해 여굴을 최소화하고, 불가항력적 여굴은 3D 스캐너 측량 결과를 근거로 발주처에 추가 물량 정산을 강력 청구함._새만금전주 6공구",새만금전주 6공구,Strategy
Strat_139,"정밀기계 공장 인접 터널 설계 시, 진동 증폭 지반 조건을 보수적으로 적용하여 추정식을 산출하고, 무진동 굴착 단가를 확대 설계함._서울지하철 923공구",서울지하철 923공구,Strategy
Strat_140,"터널학회 등 외부 전문기관의 검증 및 자문회의를 통해 지보 패턴 상향 타당성을 확보하고, 발주처를 설득하여 총사업비 증액(복구 공사비)을 승인받아 보강을 수행함_울산~포항 전철 2공구",울산~포항 전철 2공구,Strategy
Strat_141,즉시 굴착을 중지하고 토목연구지원팀의 기술지원을 통해 강관다단 그라우팅 및 인버트 조기 폐합 등 보강방안을 확정하여 굴착업체로 하여금 긴급 보강을 실시함_삼성-동탄광역급행철도 2공구,삼성-동탄광역급행철도 2공구,Strategy
Strat_142,"즉각 굴착을 중지하고 강지보를 추가 설치하여 보강하였으며, 외부 전문기관의 터널 안정성 확보 용역을 수행한 후 지상부 보수와 선지보 보강 방안을 수립하여 굴착을 재개함_서해선 홍성-송산 5공구",서해선 홍성-송산 5공구,Strategy
Strat_143,"막장 안정성 확보를 위해 해당 구간의 지보패턴을 전단면 굴착에서 상하반 분할 굴착(PS-2B)으로 대폭 상향 변경하고 지보재(강지보, 숏크리트)를 집중 보강함_서울지하철 923공구",서울지하철 923공구,Strategy
Strat_144,"현장 지질 및 수맥 조건이 설계와 상이하여 발생한 불가피한 연장 가동임을 근거(공사계약일반조건)로 발주처를 설득하고, 라이닝 공사 기간 동안의 오폐수 처리시설 추가 운영비를 실정보고하여 반영함_오남수동도로",오남수동도로,Strategy
Strat_145,• 파쇄대 통과 시 3D 지질 모델링 및 전방 50m TSP 탐사 의무화. • 단층대 강관다단 3중첩 및 가인버트 조기 폐합 공법 적용._동해선 10공구,동해선 10공구,Strategy
Strat_146,"저토피 불량 암질에 맞게 발파 패턴을 정밀 제어발파로 전면 수정하여 여굴을 최소화하고, 불가피하게 발생한 여굴 채움용 숏크리트 초과 투입분에 대해 실정보고를 추진함_새만금전주 6공구",새만금전주 6공구,Strategy
Strat_147,초과 유출되는 지하수에 대응하기 위해 발주처 승인을 득한 후 터널 오폐수 처리시설을 긴급 추가 설치(용량 증설)하여 환경 기준을 완벽히 준수함_삼성-동탄광역급행철도 2공구,삼성-동탄광역급행철도 2공구,Strategy
Strat_148,"폐기물성 토사를 수용할 수 있는 신규 사토장을 긴급 발굴하였으나 운반거리가 대폭 증가함에 따라, 사토장 변경 및 운반거리 증가에 따른 공사비 증액(5억 3천만 원)을 실정보고하여 반영함_하남선 복선전철 4공구",하남선 복선전철 4공구,Strategy
Strat_149,"선진수평보링 및 물리탐사(TSP 등)를 상시 수행하여 전방 지질을 예측하고, 공동이나 파쇄대 조우 시 훠폴링, 대구경 강관다단그라우팅 등 선행 보강공법을 즉각 시공하여 안정성을 확보함_일반 / 공통 (중봉터널 L/L)",일반 / 공통 (중봉터널 L/L),Strategy
Strat_150,"터널 인접 하천 및 지하수위를 고려한 갱내 차수 그라우팅 적용 구간을 선제적으로 선정하고, 용수 과다 유입에 대비한 대용량 배수펌프 및 오폐수처리시설 증설 부지를 사전 확보함_일반 / 공통 (중봉터널 L/L)",일반 / 공통 (중봉터널 L/L),Strategy
Strat_151,"막장 관찰 및 암판정을 통해 지질 상태가 불량함이 확인되면, 굴진을 중지하고 상하반 분할 굴착, 강지보 추가, 인버트 조기 폐합 등 지질조건에 맞는 적정 지보/굴착 공법으로 즉시 재설계함_일반 / 공통 (중봉터널 L/L)",일반 / 공통 (중봉터널 L/L),Strategy
Strat_152,여굴 최소화를 위한 발파 패턴 조정 및 초과 투입 자재량에 대한 실정보고/도급 정산 추진_새만금전주 6공구,새만금전주 6공구,Strategy
Strat_153,"용수 구간 배합설계 재검토, 부착력이 우수한 분말형 또는 고성능 알칼리프리 급결제로 변경 시공_중봉터널 / 공통",중봉터널 / 공통,Strategy
Strat_154,막장 자립 및 지반 이완 방지를 위해 굴착 즉시 Face Shotcrete 타설하도록 지보 패턴 강제 변경 및 실정보고_김포도시철도 3공구,김포도시철도 3공구,Strategy
Strat_155,리바운드재가 암버력과 섞이기 전 분리 수거하여 폐기물로 지정하고 발생 수량을 산출하여 도급 정산 실시_오남수동도로,오남수동도로,Strategy
Strat_156,습식 숏크리트 적용을 원칙화하고 이동식 집진기 및 살수분무장치를 막장 근접부에 추가 설치하여 분진 강제 저감_새만금전주 6공구,새만금전주 6공구,Strategy
Strat_157,이완 발생 즉시 굴착면에 숏크리트 밀폐 타설(Sealing)을 선행하여 지반을 안정화시키고 추가 비용 실정보고_신림선 경전철 2공구,신림선 경전철 2공구,Strategy
Strat_158,일반 시트방수를 취소하고 굴곡진 면과 완벽히 일체화되는 자착식(접착식) 방수시트 또는 도막방수로 공법 변경_인천공항철도 서울역,인천공항철도 서울역,Strategy
Strat_159,정밀 3D 선형에 맞춰 타설 하중을 견딜 수 있는 형상유지 가설 지지대를 제작/설치하고 누락 비용 실정보고 추진_평창슬라이딩센터,평창슬라이딩센터,Strategy
Strat_160,고압 살수 및 브레이커를 이용해 풍화암/이물질을 완벽히 제거(치핑)하여 부착 강도를 확보하고 실정보고 추진_평화의댐 치수능력증대,평화의댐 치수능력증대,Strategy
Strat_161,"즉각 굴진 중단 후 선진 천공으로 지층 재확인, 지보 패턴 상향(숏크리트 두께 및 강지보 상향) 실시_김포도시철도 3공구",김포도시철도 3공구,Strategy
Strat_162,현장 B/P 운영의 불가피성을 발주처에 소명하고 B/P 설치/해체비 및 운영 가설비를 실정보고 추진_중봉터널 L/L / 공통,중봉터널 L/L / 공통,Strategy
Strat_163,요철보정층을 수치 고정이 아닌 '방수시트 보호를 위한 곡률 만족' 기준으로 합의하고 실측 정산 추진_중봉터널 L/L / 공통,중봉터널 L/L / 공통,Strategy
Strat_164,숏크리트 타설 전 용출 점에 유공관 및 부직포를 선시공하여 배수를 유도하고 나공홀을 밀실하게 충진_설계시공 하자 L/L,설계시공 하자 L/L,Strategy
Strat_165,시공 전 3D 전개도를 작성하여 확폭부의 실제 겉면적을 재산출하고 누락 물량에 대해 실정보고 추진_부산외곽순환고속 9공구,부산외곽순환고속 9공구,Strategy
Strat_166,3D 스캐닝 등 실측 자료를 바탕으로 추가 수량을 산출하고 지보패턴 상향에 따른 여굴 정산 실정보고 추진_파주포천도로 2공구,파주포천도로 2공구,Strategy
Strat_167,굴진 즉시 중지 후 지보패턴을 분할 굴착 및 숏크리트 증두께 방식으로 변경 적용하고 설계 변경 실시_서울지하철 923공구,서울지하철 923공구,Strategy
Strat_168,철저한 암판정으로 지질 상태를 입증하고 지보패턴을 상하반 분할 타설 방식으로 변경하여 안정성 확보/정산_도담-영천전철 6공구,도담-영천전철 6공구,Strategy
Strat_169,도면 기준 배수 자재 수량을 정밀 재산출하여 실정보고 추진 및 밀실한 유도 배수 체계 확보_김포도시철도 3공구,김포도시철도 3공구,Strategy
Strat_170,도면 기준 락볼트/강관 수량을 재산출해 실정보고를 통해 도급 증액을 추진하고 정량 시공으로 터널 안정성 확보_서울지하철 923공구,서울지하철 923공구,Strategy
Strat_171,실제 기상 데이터를 근거로 한중 숏크리트 보온양생 시행 승인을 득하고 열풍기/천막 등 보온 비용 실정보고_고덕산단폐수처리장 / 시흥 하수,고덕산단폐수처리장 / 시흥 하수,Strategy
Strat_172,표면 품질 확보를 위해 거푸집 탈형 후 전면적인 샌드 그라인딩 연마 작업을 실시하고 추가 인건비 실정보고_파주포천도로 2공구,파주포천도로 2공구,Strategy
Strat_173,시공상세도와 구조계산서 대조 검토 및 천공 깊이에 대한 전수 검측을 통해 도면 명시 깊이 100% 준수 통제_일반 / 공통 (하자 L/L),일반 / 공통 (하자 L/L),Strategy
Strat_174,비관통 고정 방식 적용 또는 앵커 주변 코킹/씰링 보강 후 보호 무근 타설_일반 / 공통,일반 / 공통,Strategy
Strat_175,용수 구간 수압 팽창 원리로 암반에 밀착되는 팽창형 록볼트(Swellex 등)로 즉각 변경 시공하여 지지력 확보_일반 / 공통 (지하수 구간 리스크),일반 / 공통 (지하수 구간 리스크),Strategy
Strat_176,"용수 구간 정착장 길이 연장 및 그라우팅 압력 증대, 장기 거동을 고려한 보강 설계 적용_안동댐 비상여수로 현장",안동댐 비상여수로 현장,Strategy
Strat_177,퇴적층 구간 버팀보 공법으로 변경하거나 정착장이 견고한 암반층까지 도달하도록 심도 연장 설계 재수행_서남물재생센터 현장,서남물재생센터 현장,Strategy
Strat_178,지반조사 결과 기반 구조 재검토를 통해 안정성을 확보하고 지질 조건 상이에 따른 물량 증가분을 실정보고 반영_새만금전주 6공구,새만금전주 6공구,Strategy
Strat_179,체결 방식 변경 시 공인 구조 검토 및 현장 인발 테스트를 의무화하고 감리단 서면 승인 후 시공하도록 관리 강화_상주-영천고속 10공구,상주-영천고속 10공구,Strategy
Strat_180,정착 심도를 단단한 암반층까지 연장하거나 앵커 대신 버팀보 등 타 지보 공법으로 전면 재설계하여 안정성 확보_서남위생처리현대화 현장,서남위생처리현대화 현장,Strategy
Strat_181,굴착 즉시 막장면에 숏크리트(Face Shotcrete)를 뿜어붙여 굴착면을 신속히 밀폐(Sealing)함으로써 복합 지지력 확보_김포도시철도 3공구,김포도시철도 3공구,Strategy
Strat_182,철근 자중을 지지하도록 처짐 방지용 앵커 설치 간격을 좁히고 수량을 대폭 추가하여 안정성 확보 후 실정보고 추진_삼성-동탄광역급행철도 2공구,삼성-동탄광역급행철도 2공구,Strategy
Strat_183,방수층 보호를 위해 록볼트가 완전히 덮이도록 설계 두께를 상향하고 설계 오류에 따른 추가 비용 실정보고_안성-구리고속 11공구,안성-구리고속 11공구,Strategy
Strat_184,지반 시추 데이터를 근거로 락볼트 대신 깊은 정착장을 확보할 수 있는 어스앵커 공법으로 변경하여 터널 안정성 확보_서울지하철 923공구,서울지하철 923공구,Strategy
Strat_185,시공 전 도면 기준 락볼트 수량 정밀 재산출 및 실정보고를 통한 내역 증액 후 정량 시공으로 안정성 확보_서울지하철 923공구,서울지하철 923공구,Strategy
Strat_186,암판정 기반 사면안정해석 재수행 후 락볼트 및 숏크리트 보강으로 설계변경 실시하여 구조적 안정성 확보_오남수동도로,오남수동도로,Strategy
Strat_187,물림 길이를 고려해 규격 수정 발주하고 스티프너 자재비를 실정보고 반영_서남위생현대화,서남위생현대화,Strategy
Strat_188,굴착 보류 후 사면안정성 재검토를 거쳐 앵커 추가 설치 실정보고 승인_서울지하철 923공구,서울지하철 923공구,Strategy
Strat_189,• 이격 시추 구간 TSP/GPR 탐사 빈도 2배 강화. • 인발테스트 미달 시 즉각 강관다단그라우팅(대구경)으로 공법 선제 전환._김포도시철도 3공구,김포도시철도 3공구,Strategy
Strat_190,"즉각 굴착 중지 및 강지보재 긴급 덧대기 보강, 지표 구조물 보수 및 특수 정밀안정성 검토 수행_서해선 복선전철 5공구",서해선 복선전철 5공구,Strategy
Strat_191,기술지원을 통해 차수 그라우팅 및 강지보재 긴급 덧대기 보강을 실시하여 지보 시스템 복원 및 안정성 확보_삼성-동탄 GTX 2공구,삼성-동탄 GTX 2공구,Strategy
Strat_192,연약 바닥면을 과굴착한 뒤 빈배합 콘크리트로 치환 보강하여 강지보 하부 지지력을 확보하고 실정보고 추진_동대구-영천전철 4공구,동대구-영천전철 4공구,Strategy
Strat_193,"변위 수렴 미달 구간 굴착 중지 및 추가 강지보/인버트 조기 폐합 실시, 여유폭 없는 구간은 재굴착 복구공사 시행_현장 공통 리스크",현장 공통 리스크,Strategy
Strat_194,암판정 위원회 증빙 자료를 바탕으로 지보패턴 상향 실정보고 완수 및 발주처 설계변경(도급 증액) 확보_새만금전주 5공구,새만금전주 5공구,Strategy
Strat_195,외부 전문기관 검증을 통해 전 구간 지보패턴 상향 보완설계를 수행하여 발주처 설득 및 총사업비 증액 확보_도담-영천전철 3공구,도담-영천전철 3공구,Strategy
Strat_196,지보패턴 변경 이력을 투명하게 매일 서면 공유하고 실제 시공 물량에 기초한 기성 정산 체계를 구축해 공정 추진_삼성-동탄 GTX 2공구,삼성-동탄 GTX 2공구,Strategy
Strat_197,진동 초과 및 지질 상이성을 계측 데이터로 입증하고 무진동 공법으로의 설계변경을 발주처로부터 승인받음_서울지하철 923공구,서울지하철 923공구,Strategy
Strat_198,정밀 사면안정성 검토를 거쳐 Soil Nailing 및 숏크리트 등 영구 지보 패턴을 추가 반영하는 실정보고 추진 및 안정화_부산외곽순환고속 9공구,부산외곽순환고속 9공구,Strategy
Strat_199,매 발파 시마다 암판정 결과를 객관적으로 증빙하여 불가항력적 효율 저하임을 소명하고 공기 연장 및 간접비 실정보고_새만금전주 5공구,새만금전주 5공구,Strategy
Strat_200,매 막장 객관적 암판정 결과를 바탕으로 지보패턴 변경을 신속 확정하고 불가항력적 지연에 대한 실정보고 강력 추진_오남수동도로,오남수동도로,Strategy
Strat_201,즉각 굴진 중지 및 취약 구간 지보패턴을 분할 굴착 및 지보재 증두께 패턴(PS-2B)으로 대폭 상향 변경해 안정성 확보_서울지하철 923공구,서울지하철 923공구,Strategy
Strat_202,연약 바닥면을 선제적으로 과굴착 후 빈배합 콘크리트로 치환하여 강지보 기초 지지력을 확보한 후 실정보고 완료_동대구-영천전철,동대구-영천전철,Strategy
Strat_203,객관적 암판정 결과를 바탕으로 지보패턴 상향을 보고하고 불가항력적 효율 저하 및 지보재 증가분에 대한 설계변경 추진_새만금전주 5공구,새만금전주 5공구,Strategy
Strat_204,지체 없이 중지하고 막장 자립성 확보를 위해 상하반 분할 굴착(Bench Cut) 방식의 상위 패턴으로 즉각 설계변경 시행_도담-영천전철 6공구,도담-영천전철 6공구,Strategy
Strat_205,• 굴진 전 30~50m 전방 암질 파악용 TSP 탐사 용역을 선행하여 패턴 변경 조기 확정. • 분할 굴착에 최적화된 소형 장비 조합 및 교대 굴착 계획 수립._도담-영천 6,도담-영천 6,Strategy
Strat_206,현장 암석시험 결과를 증빙해 암 매각 계획을 전면 취소하고 사토 처리 및 지보 패턴 상향에 대한 설계변경(도급 증액) 추진_서울지하철 923공구,서울지하철 923공구,Strategy
Strat_207,공간 확보 및 정상 지보 설치 사이클 준수를 위해 굴착 공법을 '롱벤치 공법'으로 변경하고 현실적인 공정표로 재수립_김포도시철도 3공구,김포도시철도 3공구,Strategy
Strat_208,현장 시험 시공을 통해 필수 양생기간을 단축(24h -> 10h)하여 대기시간을 최소화하고 공기지연 손실 보전 추진_새만금전주 6공구,새만금전주 6공구,Strategy
Strat_209,법률 질의/자문을 통해 장비 변경이 설계서 오류 정정임을 입증하고 특수 장비 대기료 및 단가에 대한 설계변경 승인 추진_광명전력구,광명전력구,Strategy
Strat_210,지질 전문가를 동원해 단층대 현장 지반 취약성을 수치 입증하고 지보력 확보를 위한 보강의 당위성을 소명하여 감액을 방어_도담-영천전철 3공구,도담-영천전철 3공구,Strategy
Strat_211,매 막장 암판정 결과를 서면 보고하고 실제 시공 수량을 시험 기록과 연동하여 일일 정산 근거 확보 및 실정보고_인천검단지구(3-1) 터널,인천검단지구(3-1) 터널,Strategy
Strat_212,자동 기록 장치를 통한 실시간 주입압/주입량 모니터링_서울지하철 923공구,서울지하철 923공구,Strategy
Strat_213,천공 가이드 제작 및 레이저 레벨기를 이용한 입회 검측_부산외곽순환고속 9공구,부산외곽순환고속 9공구,Strategy
Strat_214,막장 전면 그라우팅 및 미러볼트 보강공법 의무화_별내선,별내선,Strategy
Strat_215,정착장 구간 확인 및 주입 완료 후 인장 시험 시행_호남KTX,호남KTX,Strategy
Strat_216,"변위 지속 구간 즉각 굴착 중단 후 인버트 조기 폐합으로 완전한 링(Ring) 구조 완성 및 변위 구간 재굴착 복구_도담-영천전철 3,6공구","도담-영천전철 3,6공구",Strategy
Strat_217,막장 암판정으로 지보패턴 하향 조정 및 연약화된 바닥을 과굴착한 후 빈배합 콘크리트로 치환 보강하여 지지력 확보_동대구-영천 4공구,동대구-영천 4공구,Strategy
Strat_218,부력 안정성 검토 재수행 후 부족한 안전율 확보를 위해 하부 구조물 상부에 중량물(콘크리트 슬라브 등) 추가 타설로 안정성 확보_부산외곽순환고속 9공구,부산외곽순환고속 9공구,Strategy
Strat_219,누락된 요철보정층 콘크리트 수량을 재산출해 실정보고로 도급 정산하고 바닥을 평탄 보정 후 본 구조물을 타설해 두께 확보_부산외곽순환고속 9공구,부산외곽순환고속 9공구,Strategy
Strat_220,침하 징후 즉각 성토 중단 및 하중 절감 후 구조물 기초를 관통하여 암반까지 관관입되는 마이크로파일 긴급 시공 보강_적금-영남 연육교,적금-영남 연육교,Strategy
Strat_221,발파 패턴 최적화로 여굴 최소화 및 불가피한 여굴 채움 비용에 대해 실정보고 합리적 반영으로 품질 저하 예방_오남수동도로,오남수동도로,Strategy
Strat_222,포장 상세도를 기준으로 누락된 버력 처리 및 요철보정층(T=10cm 등) 수량 재산출 증액 및 암반 돌출부 면정리 철저 확보_포승-평택철도 1공구,포승-평택철도 1공구,Strategy
Strat_223,수화열 해석을 수행해 적정 분할 타설 계획 수립 및 누락된 신축이음 자재와 유도배수 캡을 실정보고로 추가 반영_GTX-A 6공구,GTX-A 6공구,Strategy
Strat_224,연약 지반을 깊게 재굴착한 후 대형 '사석치환공법'으로 변경 및 층다짐 실시하여 열차 하중에 견디는 강건한 기초 지내력 확보_포승-평택철도 1공구,포승-평택철도 1공구,Strategy
Strat_225,"폐쇄 타설 전 이물질 전면 제거 및 치핑, 팽창성 지수재 설치 및 무수축 그라우팅 꼼꼼히 주입해 누수 경로 영구 차단 반영_평화의 댐",평화의 댐,Strategy
Strat_226,락볼트 두부 캡 전수 시공 및 유도배관 최적화_파주-포천,파주-포천,Strategy
Strat_227,타설 직전 시트 전수 육안/기압 점검 및 패치 보수_동해선 10공구,동해선 10공구,Strategy
Strat_228,이음 방향을 물 흐름에 맞게 변경하고 시공 면 평탄화 확인 후 융착 온도 및 시공 관리 대폭 강화 추진_삼성-동탄 2공구 등,삼성-동탄 2공구 등,Strategy
Strat_229,"시트 표면 보호 패드 설치 및 철근 캡 씌우기, 불꽃 비산 방지포 설치 등 보호 대책 적용 및 타설 전 핀홀 전수 검사_일반 / 공통",일반 / 공통,Strategy
Strat_230,폼 이동 전 공종별 최종 매설물 위치 확인서 날인_포천-양수,포천-양수,Strategy
Strat_231,지수판 위치를 전용 철근 지그로 견고히 고정해 변형을 막고 주변을 소형 진동기로 정밀 다짐하여 밀실 타설 관리_한탄강댐/철도 공통,한탄강댐/철도 공통,Strategy
Strat_232,접속부 누수 차단 및 수압 저감을 위해 유도배수용 동판/배수관 수량을 실정보고로 추가 반영하여 배면 수압 배제_인천공항철도연계/923공구,인천공항철도연계/923공구,Strategy
Strat_233,지하수/토양 성분 정밀 분석 후 부식 환경 구간은 내산성 세라믹 코팅 방수 등으로 전면 설계 변경하여 재시공 추진_서남물재생센터 현장,서남물재생센터 현장,Strategy
Strat_234,"폼 세팅 전 간섭 여부 철저 확인 및 보호 조치, 타설 전 란델 간격 및 융착 상태 전수 검사 수행_일반 / 공통",일반 / 공통,Strategy
Strat_235,접속부 이음부에 유도배수 동판/지수재를 밀실하게 설치하고 배면 복토부의 배수 경사를 충분히 확보하여 시공_울릉도일주2호 등,울릉도일주2호 등,Strategy
Strat_236,배수관 매설 깊이를 동결심도 이하로 조정하고 노출부에는 전열선(Heat Tracing) 및 단열재 공법을 전면 적용_전주-남원1공구 등,전주-남원1공구 등,Strategy
Strat_237,누락된 신축이음 실런트 및 누수방지캡을 실정보고로 내역 반영하고 하부 트렌치로 물이 빠지게 유도배수 정밀 시공_GTX-A 6공구 등,GTX-A 6공구 등,Strategy
Strat_238,도면과 내역을 일치시켜 유도배수 동판/배관 수량을 조속히 반영하고 접속부 정밀 시공 및 융착 검사 강화_GTX-A 6공구,GTX-A 6공구,Strategy
Strat_239,결로 및 누수 체수에 대비해 하부 인버트에 집수정 연결 유도 배수 트렌치를 신설하는 설계변경 승인 및 시공_GTX-A 6공구 등,GTX-A 6공구 등,Strategy
Strat_240,밀착 불가한 곡면부는 핀 고정 방식 시트에서 지반에 직접 달라붙는 '자착식(접착식) 시트 방수'로 전면 교체 시공_인천공항철도연계,인천공항철도연계,Strategy
Strat_241,"시트 표면에 스패터 방지 패드 설치 및 철근 캡 씌우기 시행, 타설 직전 핀홀 전수 검사 및 즉각 열융착 보수_일반 현장 공통",일반 현장 공통,Strategy
Strat_242,시공 후 즉시 충분한 강도의 보호 콘크리트(누름)를 타설 양생하고 중장비 주행 동선을 엄격히 통제하여 훼손 차단_삼성-동탄 2공구 등,삼성-동탄 2공구 등,Strategy
Strat_243,고수압 예상 구간 바닥 슬래브 방수를 전면 설계 반영하고 취약 이음부 수팽창 지수재/지수판 이중 보강 대책 수립_구조물 공통(L/L),구조물 공통(L/L),Strategy
Strat_244,외부 노출부 실링은 가급적 비노출 구조로 변경하거나 UV 보호 테이프 부착 등 보호 조치 후 하자보증 관리_적금-영남연육교 등,적금-영남연육교 등,Strategy
Strat_245,탈형 직후 발생한 모든 나공홀/볼트 구멍은 지수재(팽창성 마개)와 무수축 모르타르로 완벽 밀폐 충진 관리_터널공사 공통(L/L),터널공사 공통(L/L),Strategy
Strat_246,우수 침투 예상 모든 관로 인입 경로에 수팽창 지수 링(Ring) 및 탄성 방수 코킹 설계를 추가 반영 및 수밀 테스트_여수산단진입도로 등,여수산단진입도로 등,Strategy
Strat_247,전용 고정 철물(지그) 사용으로 타설 시 변형을 막고 지수판 주변을 소형 진동기로 집중 정밀 다짐하여 밀실도 100% 확보_한탄강댐(지하 갤러리),한탄강댐(지하 갤러리),Strategy
Strat_248,지하수 용출 구간에 맹암거(D250 등)와 PE 배수로를 신설하는 설계변경(집행승인)을 득하여 구조물 품질 확보_김포-관산 도로 등,김포-관산 도로 등,Strategy
Strat_249,배수관 규격 확대 및 구배(1% 이상) 상향 시공하고 굴곡부 소제구 설치 및 준공 전 관로 CCTV 고압 세척 실시_전주-남원1공구 등,전주-남원1공구 등,Strategy
Strat_250,침수 즉시 대용량 양수기 비상 투입 배수 실시 및 궤도/트로프 구간 뻘 제거 및 고압 물청소 복구 인력 투입_진접선 3공구,진접선 3공구,Strategy
Strat_251,유출량 폭증에 맞춰 터널 오폐수 처리시설 용량 긴급 증설(추가 설치) 및 배수 펌프/주관경을 확대 전면 시공_삼성-동탄 2공구,삼성-동탄 2공구,Strategy
Strat_252,배출기준 준수를 위해 PH 저감시설 포함 오폐수처리시설을 증설하고 추가 설비비를 실정보고하여 반영_새만금전주 6공구,새만금전주 6공구,Strategy
Strat_253,"배수 콘크리트를 배수턱 형태로 구조 변경하고 내부 공간 폭을 1,400mm 이상으로 넓혀 작업성 및 관리 여건 확보_진접선 3공구",진접선 3공구,Strategy
Strat_254,사선 구간 경사 완화를 위한 엘보우(Elbow) 부속 설치 및 연성 고무 커넥터 삽입으로 누수 및 침하 하자 저감_평택 화양지구 등,평택 화양지구 등,Strategy
Strat_255,CCTV 촬영으로 폐색 구간 정밀 탐지 후 특수 장비/인력을 투입해 굳은 몰탈 파쇄/제거하여 통수 단면 확보_부산명지 등,부산명지 등,Strategy
Strat_256,지구 외 유입수 처리 방안 전면 재수립 및 기존 연결 흄관 관경을 대폭 상향 조정하고 역류 방지 대책을 추가 시공_양주회천 택지조성 등,양주회천 택지조성 등,Strategy
Strat_257,트렌치 바닥을 깨내어 임의 구배를 형성하거나 불가능한 곳은 사후 상시 인력 펌핑/청소 유지관리 항목으로 전환_시화하수처리장 현장 등,시화하수처리장 현장 등,Strategy
Strat_258,파손 구개 전면 재시공 및 중하중용 스틸그레이팅으로 교체하고 얕은 관로 주변 콘크리트 보강(관보호공) 실시_울릉도일주도로 등,울릉도일주도로 등,Strategy
Strat_259,현장 용수 발생 구간 전수 조사 후 누락 내역 실정보고 반영 및 배수 보드를 하부 맹암거까지 밀착 시공_삼성-동탄 2공구 등,삼성-동탄 2공구 등,Strategy
Strat_260,부식성 환경 노출 조건에 맞게 내식성이 우수한 STS316 등으로 변경 적용하고 이음부에 부식 방지 코팅 강화_제주해군기지 등,제주해군기지 등,Strategy
Strat_261,개통 전 집수정 물 채우기 연속 가동 시험을 실시하고 수위 센서 연동 상태를 감리 입회하에 전수 검측 및 보증_서울제물포터널 2공구,서울제물포터널 2공구,Strategy
Strat_262,기후 동결심도를 반영해 매설 심도를 재조정하고 심도 확보 불가 시 단열재 및 전열선(Heat Tracing) 보강 시공_관로공사 공통(L/L),관로공사 공통(L/L),Strategy
Strat_263,우기 전 집수정/침사지 뻘을 완벽 준설하고 펌프 여과망 수시 점검 및 환경보건비 활용 직영 복구 인력 투입_진접선 3공구,진접선 3공구,Strategy
Strat_264,오폐수 처리시설 긴급 증설(3개소 추가) 및 탁수 처리 pH 저감 설비를 PC 구조물로 신속 변경 시공해 법적 기준 준수_새만금전주 6공구,새만금전주 6공구,Strategy
Strat_265,간섭 구조물 회피를 위한 관로 선형 우회(Detour) 설계변경 및 협소 구간 점검 청소를 위한 추가 소제구/맨홀 신설_포승-평택철도 등,포승-평택철도 등,Strategy
Strat_266,연결부 파손 구간 재굴착 후 유연한 고무 커넥터 및 SUS 밴드로 보강하고 사선 부설 구간에 엘보우를 설치해 수밀 확보_평택 화양지구 등,평택 화양지구 등,Strategy
Strat_267,빈 공극에 무수축 그라우트나 모르타르를 밀실하게 충전해 구조체 일체성을 확보하고 누락 수량을 실정보고해 원가 반영_GTX-A 6공구,GTX-A 6공구,Strategy
Strat_268,"즉각 굴착 중단 및 구조물 하부 긴급 지반 보강용 강관재 설치와 고압 차수 그라우팅 시공으로 지반 변위 전면 차단_광명,금천 전력구","광명,금천 전력구",Strategy
Strat_269,검증 필수 공정인 검사공 수압시험 수량을 실정보고로 추가 반영하고 불합격 구간 보완 재주입 및 전용 플러그 마감_한탄강댐 현장,한탄강댐 현장,Strategy
Strat_270,천단부 주입관 설치 및 무수축 그라우트재 강제 주입 의무화_중봉터널,중봉터널,Strategy
Strat_271,자재 검수 강화 및 타설 직전 지수재 부착 상태 전수 점검_도담-영천,도담-영천,Strategy
Strat_272,균열 깊이별 주입 패커 배치 및 저압 지속 주입 공법 적용_서울지하철 923공구,서울지하철 923공구,Strategy
Strat_273,배수관 주위 가이드망 설치 및 필터재 수동 충진 확인_중봉터널,중봉터널,Strategy
Strat_274,설계변경/폼 변경 시 반드시 전문가 구조검토를 실시하고 타설 속도를 엄격히 관리하며 안전관리비를 활용해 기술사 확인_상주-영천 10공구 등,상주-영천 10공구 등,Strategy
Strat_275,타설 전 피복 두께를 전수 검측하고 고압 타설을 견딜 고강도 스페이서를 적정 간격으로 견고히 결속해 피복을 확보_하자 L/L(철콘공사),하자 L/L(철콘공사),Strategy
Strat_276,타 공종과의 샵드로잉 교차 검토로 위치를 확정하고 누락된 Block-out 거푸집 수량을 실정보고해 타설 전 선설치 완료_새만금전주 6공구 등,새만금전주 6공구 등,Strategy
Strat_277,거푸집 적정 사용 횟수를 준수하고 고품질 박리제 도포 및 규정 양생 강도 확인 후 탈형하며 필요 시 그라인딩 보수 시행_파주-포천 2공구 등,파주-포천 2공구 등,Strategy
Strat_278,세팅 전 하부 레벨링(버림/몰탈)을 실시하고 하부에 고무 패킹이나 우레탄 폼을 덧대어 페이스트 유출을 원천 차단_GTX-A 6공구 등,GTX-A 6공구 등,Strategy
Strat_279,방수층 방향 돌출 철근에 의무적으로 고무 캡을 설치하고 타설 직전 시트 핀홀 여부를 교차 검측함_공통(하자 L/L),공통(하자 L/L),Strategy
Strat_280,확폭부 전용 맞춤형 거푸집을 제작하고 타설 전 전문가(기술사) 구조해석을 통해 안정성을 입증 후 시공_서울지하철 923공구 등,서울지하철 923공구 등,Strategy
Strat_281,고소 작업 반경에 전용 작업 비계와 시스템 발판 수량을 실정보고로 반영해 작업 안전과 정밀 검측 시야를 확보_파주-포천 2공구 등,파주-포천 2공구 등,Strategy
Strat_282,세팅 전 3D 스캐닝으로 내공 치수를 측량하고 건축한계 저촉 우려 구간에는 철판 거푸집 특별 적용 및 면갈이 시행_진접선 3공구 등,진접선 3공구 등,Strategy
Strat_283,심한 여굴 부위에 요철 보정층을 선타설해 공간을 줄이고 좌우 단차가 1.5m 이내로 유지되도록 동시 타설 계획 통제_상주-영천 10공구 등,상주-영천 10공구 등,Strategy
Strat_284,마감 거푸집 상단을 견고히 보강하고 메탈라스 등을 틈새 없이 설치해 페이스트 유출을 원천 차단_평화의댐 치수능력증대 등,평화의댐 치수능력증대 등,Strategy
Strat_285,겹이음 불가 구간을 선별해 기계식 이음(커플러)으로 설계를 변경하고 엇갈림 배근을 정밀 시행_진접선 3공구 등,진접선 3공구 등,Strategy
Strat_286,폼 등 주요 변동 시 전기/궤도 분야와 사전 시뮬레이션을 거쳐 매립 철물 위치를 상세도에 재반영 및 검측 강화_동해선 포항-삼척 10공구,동해선 포항-삼척 10공구,Strategy
Strat_287,1개월 이상 방치 예상 시 용접 보강을 시행하고 타설 직전 고압 살수 및 그라인딩으로 부식 부위를 완벽 복구_충주댐 치수능력증대 등,충주댐 치수능력증대 등,Strategy
Strat_288,불안정한 목재 지지를 시스템 동바리 및 강재 기초로 설계 변경해 거푸집 변위를 원천 차단_평화의댐 치수능력증대 등,평화의댐 치수능력증대 등,Strategy
Strat_289,타설 전 구조계산서와 배근도를 크로스 체크해 누락된 전단 철근(스트럽 등)을 긴급 추가 가공 및 배근 시행_적금-영남연육교 등,적금-영남연육교 등,Strategy
Strat_290,슬럼프 로스를 제어할 지연형 유동화제 배합을 적용하고 레미콘 특수 운반 수당을 반영해 적기 수급 보장_파주-포천 2공구 등,파주-포천 2공구 등,Strategy
Strat_291,염해 노출 구간 철근을 부사 걱정이 없는 GFRP 보강근으로 변경하고 AE제 등 내구 배합을 전면 적용_새만금전주 6공구 등,새만금전주 6공구 등,Strategy
Strat_292,특수 배합 적용 시 시험시공(Mock-up)을 거쳐 최적 배합비를 확격하고 임의 변경을 엄격히 금지함_부산지하철반송선 등,부산지하철반송선 등,Strategy
Strat_293,기준 공기량(4~6%)을 엄격히 확보하는 내동해성 배합을 적용하고 타설 후 보온 양생으로 초기 동해를 방지_하자 L/L 공통,하자 L/L 공통,Strategy
Strat_294,과밀 구간은 소경 골재 및 고유동 배합으로 변경하고 진동 다짐 간격과 깊이를 엄격히 준수해 밀실 시공_광양시우회도로 등,광양시우회도로 등,Strategy
Strat_295,타설 시 펌프카 토출 압력을 끝까지 유지하고 검측창을 통해 밀실 충진 여부를 전수 육안 확인_새만금전주 6공구 등,새만금전주 6공구 등,Strategy
Strat_296,전담 다짐 인력을 배치해 진동기 삽입 간격(0.5m)을 엄격히 준후하고 타설 전 장비/인원 계획을 재점검_광양시우회도로 등,광양시우회도로 등,Strategy
Strat_297,기계식 타설 시 전문 구조검토를 의무 수행하고 앵커 체결을 보강하며 현장 타설 속도를 엄격히 모니터링_상주-영천 10공구 등,상주-영천 10공구 등,Strategy
Strat_298,탈형 직후 피막 양생제를 즉각 도포하고 전담 인력을 배치해 규정 기간 동안 주기적 살수 양생을 실시_일반 터널 공통,일반 터널 공통,Strategy
Strat_299,좌우 단차가 1.5m 이내가 되도록 펌프카 토출을 교대 제어하고 3D 구조검토를 통한 특수 폼을 적용_장대 터널 공통,장대 터널 공통,Strategy
Strat_300,타설 전 집수정 및 가배수로를 정비하고 대용량 양수기를 투입해 타설 구간을 완전 건조 상태로 유지_진접선 3공구 등,진접선 3공구 등,Strategy
Strat_301,수급 불안정 시 사급 전환 등 비상 공급 계획을 수립하고 지연형 유동화제를 투입해 경화 시간을 늦춤_오남수동도로 등,오남수동도로 등,Strategy
Strat_302,분할 타설(Lift) 및 수평 시공이음 상세를 적용하고 온도 센서를 매설해 온도차를 실시간으로 제어함_평화의댐 치수증대 등,평화의댐 치수증대 등,Strategy
Strat_303,타설 전 고압 살수기나 브레이커로 표면을 거칠게 쪼아내는 치핑(Chipping)을 수행하고 이물질을 완벽히 제거_한탄강댐/호남고속철도 등,한탄강댐/호남고속철도 등,Strategy
Strat_304,갱구부 방풍문을 밀폐하고 열풍기/고체연료를 대거 투입해 압축강도가 확보될 때까지 영상의 온도를 엄격히 유지_새만금전주 6공구 등,새만금전주 6공구 등,Strategy
Strat_305,시방 기준에 따라 수평/수직 이음면에 대한 치핑 비용을 내역에 반영하고 타설 전 철저한 쪼아내기 면처리 실시_진접선 3공구 등,진접선 3공구 등,Strategy
Strat_306,지수판이 밀리거나 꺾이지 않도록 전용 고정 철물로 견고히 고정하고 지수판 주변을 소형 진동기로 정밀 다짐_한탄강댐/삼성-동탄 등,한탄강댐/삼성-동탄 등,Strategy
Strat_307,후타 타설 전 기존 콘크리트면의 목재 조각 및 슬라임을 완벽히 제거하고 치핑 후 이음부를 따라 지수재 충진_한탄강댐 등,한탄강댐 등,Strategy
Strat_308,타설 시 진동 다짐과 압송 압력을 철저히 통제하고 발생한 불량면은 모체와 유사한 성상의 무수축 몰탈로 완벽 보수_파주-포천/새만금전주 등,파주-포천/새만금전주 등,Strategy
Strat_309,거푸집 세팅 전 정밀 측량으로 단차를 확인하고 돌출부에 대해서는 면삭기/브레이커를 입해 이격거리 기준치를 확보_진접선 3공구 등,진접선 3공구 등,Strategy
Strat_310,바닥 부석 제거를 철저히 하고 누락된 요철보정층 수량을 실정보고로 반영해 평탄성 및 지지력 확보_부산외곽순환고속 9공구 등,부산외곽순환고속 9공구 등,Strategy
Strat_311,기류 차단 및 타설 직후 피막양생제 도포와 습윤 덮개 양생을 철저히 실시해 초기 표면 건조 및 동해 방어_부산외곽순환고속 9공구 등,부산외곽순환고속 9공구 등,Strategy
Strat_312,초기 경화 직후(통상 12~24시간 내) 적기에 줄눈(Joint) 커팅을 규정 깊이(두께의 1/4)로 실시해 응력 유도_부산지하철반송선 등,부산지하철반송선 등,Strategy
Strat_313,침수 방지를 위해 대용량 예비 양수기를 즉각 추가 투입하고 개통 전 배수 시스템의 처리 용량을 정밀 재분석_진접선 3공구 등,진접선 3공구 등,Strategy
Strat_314,제어반을 습기 영향이 없는 별도의 환기실/전기실로 이동 설치하고 원방 제어 시스템을 구축해 유지관리 환경 개선_인천교통 214공구 등,인천교통 214공구 등,Strategy
Strat_315,배수관 단면을 확장하고 구배를 1% 이상 확보해 재시공하며 유입구 보호 스크린 설치 및 고압 살수 준설 실시_서울지하철 923공구 등,서울지하철 923공구 등,Strategy
Strat_316,부력 안정성 검토를 재수행해 부족한 사하중을 보강(콘크리트 추가 타설)하거나 락앵커를 설치해 융기를 차단_부산외곽순환고속 9공구 등,부산외곽순환고속 9공구 등,Strategy
