id:ID,action,source_project,target_risk,expected_effect,required_equipment,related_standard,responsible_role,:LABEL
Strat_001,"기존 진입로와 동일한 수준의 콘크리트 포장 임시 우회도로를 신설하고, PE드럼 및 경광등 등 교통안전시설물을 즉시 배치하여 리스크 해소_평택 브레인시티 1단계",평택 브레인시티 1단계,Risk_001,"진입로 단절로 인한 막대한 영업 손실 민원 발생으로 본공사 착수가 불가능해지며, 야간 통행 시 안전사고 위험 노출",,,,Strategy
Strat_002,"개정된 기준에 맞추어 교통처리계획을 재수립하고, 과속단속카메라, 쏠라윙카, PE드럼 등 필수 교통안전시설물을 대거 추가 배치_서울고덕강일지구 방음시설",서울고덕강일지구 방음시설,Risk_002,"작업장 교통관리기준 미달로 관할청의 도로 차단 심의가 반려되어 공정이 지연되고, 고속도로 주행 차량과 작업자가 대형 사고 위험에 노출",,기준,,Strategy
Strat_003,"민원 해소 및 공사 속개를 위해 당일 굴착·복구를 시행하고, 차량 통행 유지를 위해 2단계 교통전환(Traffic Switch) 우회도로 신설_안성구리 광역상수도 이설공사",안성구리 광역상수도 이설공사,Risk_003,사전 조치 없는 도로 전면 통제로 인해 극심한 차량 정체 민원이 폭주하여 관로 시공 공정이 전면 중단될 위기 직면,,,,Strategy
Strat_004,"장비의 안전한 진출입 및 작업 반경 확보를 위해 공사용 가설도로를 추가 조성하고, 골재 치환 및 복공판 보강을 통해 지내력 확보_화양전력구",화양전력구,Risk_004,"대형 장비 주행이 불가하고, 크레인 작업 시 아웃트리거 지지력 미확보로 인한 장비 전도 및 중대재해 발생 우려로 본공사 지연",,,,Strategy
Strat_005,"공사 중단 후 즉각적으로 아파트 주민용 임시 진입도로(우회도로)를 신설하고, 교통 신호수 및 안내 간판을 전면 배치하여 민원 해결_양주회천 택지개발사업",양주회천 택지개발사업,Risk_005,"사전 통보 없는 도로 차단으로 입주민 통행 불편 민원이 폭주하여 공사가 중단되고, 긴급 우회도로 개설을 위한 추가 비용 발생",,,,Strategy
Strat_006,민원 조기 해소 및 원활한 진출입로 확보를 위해 파손된 기존 도로 구간을 시공사 직영으로 긴급 재포장(아스콘 덧씌우기) 실시_김포-관산 도로,김포-관산 도로,Risk_006,도로 포장면 파손으로 주민 통행 불편 및 비산먼지 민원이 폭주하여 공사 차량 진입이 통제되고 본공사가 중단됨,,,시공사,Strategy
Strat_007,"파손된 가설방음벽 철거 후 지주 기초를 보강하여 재설치하고, 피해 차량에 대해서는 영업배상 보험 처리를 통해 신속하게 합의_옥동-농소 도로",옥동-농소 도로,Risk_007,"태풍 내습 시 강풍을 버티지 못한 가설방음벽이 전도되어 인근 주차 차량을 파손하고, 피해보상 및 우회로 통제 등 피해 발생",,,,Strategy
Strat_008,"기계타설 대신 인력타설 공법으로 전면 변경하고, 심야 시간에 고속도로 차로를 차단한 후 야간 인력포장을 통해 접속부 완료_상주-영천 고속도로 1공구",상주-영천 고속도로 1공구,Risk_008,"기계포설 무산으로 인력타설로 변경되었으며, 교통 통제 시간 부족으로 주간 작업이 불가하여 전체 공기 연장 위기",,,,Strategy
Strat_009,• 보안물건 인접 구간은 초기부터 기계 굴착(할암)으로 도급 내역 반영. • 인허가 반려 시 대안 공법 전환을 위한 Contingency 조항 계약 편입._노포북정 3공구,노포북정 3공구,Risk_009,• 갱구부 굴착 공정 전면 마비. • '유압식 할암'으로 전면 설계변경 시행 및 작업 효율 급감으로 원가 4.4% 상승.,,,,Strategy
Strat_010,• 발주처에 대항력 있는 '행정 명령에 의한 공기 지연' 실정보고 추진. • 도심지 터널은 초기부터 1일 발파 횟수를 보수적으로 축소 설계._오남수동도로,오남수동도로,Risk_010,• 1일 4회 → 2회 발파로 사이클 반토막. • 투입비 3.8억 원 이상 증가 및 준공일 지연 리스크.,,,발주처,Strategy
Strat_011,• 굴착 용수와 타설 폐수의 성상을 분리 분석하여 복합 수처리 시설 설계. • pH 저감 및 약품 자동 투입 장치 비용을 내역에 명시적 반영._새만금전주 6공구,새만금전주 6공구,Risk_011,• 대관 방류 승인 취소로 터널 굴착 전면 중단. • 알칼리성 수질 중화를 위한 화학적 고도처리 시설 긴급 추가 설치(수억 원).,,,,Strategy
Strat_012,• 설계 도면과 지적도를 3D 하이라이팅하여 사유지 침범 여부 전수 검토. • 보상 미완료 시 장비 투입 금지 및 발주처 귀책 공기 연장 선제 제기._수인선 2-2,수인선 2-2,Risk_012,• 지주 민원으로 공사 즉각 중단 명령 하달. • 발주처 보상 지연 시 시공사가 자체 자금(억대)으로 선보상 합의 강요 당함.,,,발주처,Strategy
Strat_013,• 산림/지적 대장 사전 확인하여 재선충 방제 등 특수 인허가 용역비 반영. • 인허가 완료 기한(최소 6개월)을 갱구 굴착의 Critical Path로 설정._새만금전주 5공구,새만금전주 5공구,Risk_013,• 인허가 미승인으로 장비 진입로 개설 및 수목 벌채 불가능 (착공 불가). • 용역비 실정보고 및 고시 대기 기간 수개월간 현장 유지비 손실.,,,,Strategy
Strat_014,침수 구간 긴급 뻘 청소 시행 및 대용량 양수기 8대를 현장에 추가 전진 배치하여 재발 방지_진접선 3공구,진접선 3공구,Risk_014,궤도 및 전력/통신선로가 전면 침수되고 대량의 뻘이 퇴적되어 핵심 시설물 파손 및 공기 지연 발생,,,,Strategy
Strat_015,증가된 유입량을 완벽히 처리할 수 있도록 오폐수 처리시설을 신속히 추가 설치 및 증설 완료_삼성-동탄 2공구,삼성-동탄 2공구,Risk_015,"오폐수 처리 용량 부족으로 방류수 수질 기준을 위반하게 되어, 환경단속 및 공사 중지 행정처분 위기 직면",,,,Strategy
Strat_016,"기존 관정 사용을 즉각 제한하고, 살수차를 추가 임대 투입하여 외부에서 터널 작업용수를 대체 공급 조치_새만금전주 6공구",새만금전주 6공구,Risk_016,"식수 및 농업용수 부족으로 인한 주민들의 거센 민원이 발생하고, 환경영향평가 위반에 따른 공사중위 위험 처함",,,,Strategy
Strat_017,법적 수질 관리를 위해 이동식 오탁수 처리시설을 현장에 긴급 설치하고 유출수를 정화 후 방류하도록 설계변경_김포-관산 도로,김포-관산 도로,Risk_017,오탁수 미처리 방류 시 부유물질(SS) 허용 기준치 초과로 인한 수질 오염 및 행정처분(공사중지) 우려 고조,,,,Strategy
Strat_018,"현장 용출수 지속 발생에 따른 필수 조치임을 입증하고, 후속 공정 기간에 해당하는 운영비를 실정보고하여 반영_오남수동도로",오남수동도로,Risk_018,굴착 후 라이닝 완료 시점까지 수처리 시설을 가동해야 함에 따라 추가 운영비가 시공사 실행원가로 전가됨,,,,Strategy
Strat_019,장비 조합을 변경하고 터널 인근 부지를 추가 임대하여 안전한 적적공간 확보_새만금전주 6공구,새만금전주 6공구,Risk_019,덤프트럭 하역 시 장비 전도 및 추락 등 중대재해 발생 위험 고조,,,,Strategy
Strat_020,내역에 누락된 야적장 부지 조성 비용을 발주처에 실정보고하여 비용 반영 및 부지 확보_평화의댐 치수,평화의댐 치수,Risk_020,골재 부족으로 대규모 타설이 중지되어 댐체 구조물 품질 저하 및 공기 지연 우려,,,발주처,Strategy
Strat_021,법적 기준을 만족하는 안전시설을 즉각 내역에 반영하고 조기 설치하여 인허가 취득_울릉도일주도로,울릉도일주도로,Risk_021,화약류 양수 및 사용 불허로 인해 터널 발파 공정이 중단되고 치명적인 공기 지연 발생,,기준,,Strategy
Strat_022,유휴 부지에 집하장을 조성하고 폐기물 소운반 및 집적 비용을 실정보고 승인 득함_부산명지 택지,부산명지 택지,Risk_022,폐기물 방치로 후속 본공사 착수가 불가해지며 시공사 예산으로 조성비가 지출됨,,,,Strategy
Strat_023,콘크리트 타설 및 휀스 설치 비용을 실정보고하여 적법한 야적 기반 조성_서울고덕 강일,서울고덕 강일,Risk_023,부적절한 적치 시 침출수 발생으로 원지반 오염 지적 및 환경 민원 유발,,,,Strategy
Strat_024,반출 지연을 입증하여 후방 집토를 위해 투입된 소운반비를 발주처에 실정보고_오남수동 도로,오남수동 도로,Risk_024,포화된 환경에서 터널 굴착이 불가능해지고 후방 집토를 위한 장비비가 급증함,,,발주처,Strategy
Strat_025,외부 임대 부지를 확보하고 비산먼지 방지 시설 및 소운반비를 설계변경 반영 추진_김포-관산 도로,김포-관산 도로,Risk_025,수십만 루베의 왕복 토사 운반비 및 연간 억대 부지 임대료가 원가로 발생함,,,,Strategy
Strat_026,분할된 동선에 맞게 세륜시설 3개소를 긴급 추가 설계 반영하여 먼지 완벽 제어_성남복정 택지,성남복정 택지,Risk_026,세륜기 부족으로 도로 비산먼지 유출 및 인근 학교 환경 민원 단속 적발 우려,,,,Strategy
Strat_027,신속한 보험처리 및 보상 완료 후 전 구간 지주 기초를 와이어로프로 보강 재설치_옥동-농소 도로,옥동-농소 도로,Risk_027,"주차 차량 파손 사고 발생 및 제3자 피해보상, 가설비 재설치 비용 원가 발생",,,,Strategy
Strat_028,이동식 살수시설을 긴급히 추가 배치하고 환경관리비 예산을 추가 집행 조치_평택 화양지구,평택 화양지구,Risk_028,지자체 비산먼지 특별단속 시 행정처분에 의한 공사 전면 중단 우려 직면,,,,Strategy
Strat_029,이동식 크라샤로 장비를 변경하여 단기 생산 후 신속 철거 및 장소 이동으로 민원 제어_칠북-북면 도로,칠북-북면 도로,Risk_029,주민 집단 민원 및 조업 정지 처분 위기에 직면하고 부지 임대료가 폭증할 우려,,,,Strategy
Strat_030,"실제 지반 조건(암선 및 암질)을 재조사하여 사면 슬라이딩 구간에 대한 사면 안정성 검토를 재수행한 후, 적절한 보강 공법을 적용하여 설계변경 추진함_광양시 우회도로",광양시 우회도로,Risk_030,"불량한 암반과 토사층의 경계면을 따라 대규모 사면 슬라이딩이 발생하여 굴착 공사가 전면 중단되고, 막대한 사면 보강 비용이 추가로 발생함",,,,Strategy
Strat_031,"붕괴 구간 및 인접 구간에 대해 한계평형해석을 재수행하여, 안정성이 확보되는 완만한 기울기로 절취 사면 경사를 대폭 완화(구배 조정)함_오남수동도로",오남수동도로,Risk_031,깎기 비탈면의 일부 구간에서 대형 붕괴(원호활동 파괴 등)가 발생하고 상부 인장균열 발생으로 인접 구간까지 연쇄 붕괴될 위험이 극도로 고조됨,,,,Strategy
Strat_032,"원인 분석을 통해 단순 복구가 아닌 현장 여건에 맞는 보강 공법(어스앵커, 숏크리트 등)을 재검토하고 발주처에 설계변경 승인을 득하여 시공함_여수시우회도로",여수시우회도로,Risk_032,강우 시 과다 발달된 절리면 사이로 우수가 침투하여 수압이 급증하면서 절토 사면이 대규모로 유실되고 하부 작업장의 안전이 직접적으로 위협받음,,,발주처,Strategy
Strat_033,"비탈면 안정해석을 재수행하여, 앵커(Anchor), 쏘일네일링(Soil Nailing), 계단식 옹벽, 두꺼운 식생기반 취부공(T=10cm) 및 낙석방지 울타리를 종합적으로 적용하여 전면 보강함_칠북-북면간 도로",칠북-북면간 도로,Risk_033,비탈면 절취 후 집중호우 시 지층수 침투 및 수직절리를 통한 수압 급상승으로 인해 비탈면이 파괴되고 대규모 슬라이딩 붕괴 사고가 발생함,,,,Strategy
Strat_034,"사면 요철 현황을 정밀 측량하여 증빙 자료를 작성하고, 누락된 낙석방지망 15% 할증 수량을 재산출하여 발주처에 실정보고 및 도급 내역 증액을 추진함_평화의댐 치수능력증대",평화의댐 치수능력증대,Risk_034,"실제 사면의 요철과 굴곡부로 인해 도면상의 평면 수량 대비 낙석방지망 자재가 턱없이 부족해져 시공이 중단되고, 추가 자재 반입을 위한 시공사 원가가 초과됨",,,발주처,Strategy
Strat_035,"한계평형해석 등 사면안정성 검토를 재수행하여, 무보강 구간에 락볼트 및 숏크리트 등 강성 보강공법을 추가 반영하고 즉각 시공하여 안정성을 확보함_오남수동도로",오남수동도로,Risk_035,"이완된 암괴가 강우나 해빙기에 붕괴되어 대규모 사면 슬라이딩으로 이어지고, 하부 굴착 장비 및 근로자 매몰 등 치명적인 중대재해가 발생할 위험이 고조됨",,,,Strategy
Strat_036,"낙석 중량 및 에너지를 현장 조건에 맞게 재산정하고, 그 결과(흡수 에너지 용량)를 충족할 수 있도록 고강도 낙석방지울타리로 설계를 보완하여 재설치함_오남수동도로",오남수동도로,Risk_036,"실제 대형 낙석 발생 시 울타리가 충격 에너지를 견디지 못하고 파손되어, 하부 본선 도로의 통행 차량과 작업자를 덮치는 치명적 사고 유발 우려",,,,Strategy
Strat_037,"암 성상별로 보강공법을 세분화하여, 얇은/두꺼운 식생기반 취부공(T=3~10cm) 및 낙석방지 울타리, 낙석방망을 대대적으로 추가 설계 반영함_칠북-북면간 도로",칠북-북면간 도로,Risk_037,"우기 및 동절기 동결융해 작용에 의해 수직절리가 급격히 이완되면서 지반이 불안정해지고, 다량의 낙석이 도로부로 쏟아져 대형 안전사고를 초래함",,,,Strategy
Strat_038,일자산 사면 인접 굴착 배면에 어스앵커를 긴급 추가 설계 및 시공하여 편토압에 의한 붕괴를 선제적으로 방지함_서울지하철 923공구,서울지하철 923공구,Risk_038,"굴착이 진행됨에 따라 인접 사면에서 발생하는 거대한 편토압이 가중되어 지반이 이완되고, 가시설 덮침 및 대규모 사면 붕괴 등의 중대재해 발생 우려가 고조됨",,,,Strategy
Strat_039,"사면의 미제거 부석을 철저히 제거(스케일링)하고, 부적합한 떼붙임 대신 숏크리트 타설 및 식생매트 등 적극적인 사면보호공법으로 변경 시공함_양주회천 택지개발사업",양주회천 택지개발사업,Risk_039,"옹벽 조립 및 되메우기 작업 중 상부 암사면에서 부석이 낙하하거나 풍화된 암괴가 무너져 내려, 하부 작업자가 치명적인 피해를 입을 중대재해 위험이 큼",,,,Strategy
Strat_040,"블록 접지면 틈새 채움을 철저히 이행하고, 앵커 설치 방향 점검 및 장기 지반 거동을 고려하여 설계 및 시공을 보완함_안동댐비상여수로",안동댐비상여수로,Risk_040,"어스앵커의 긴장력이 지속적으로 상실되어 사면 보강 기능이 저하되며, 장기적으로 앵커 탈락 및 사면의 대규모 슬라이딩 붕괴 위험을 초래함",,,,Strategy
Strat_041,사면 안정성 검토를 바탕으로 갱구부 사면 안정을 위해 쏘일네일링(Soil Nailing) 공법을 신규로 추가 반영하여 보강함_부산외곽순환고속 9공구,부산외곽순환고속 9공구,Risk_041,"두꺼운 토사층에 기존의 가파른 굴착 경사를 그대로 적용할 경우, 사면 슬라이딩 파괴 및 갱구부 대형 붕괴 사고가 발생할 위험이 극도로 높아짐",,,,Strategy
Strat_042,사면 붕괴 방지 및 도로 폭 유지를 위해 성토 사면 하단부에 석축(찰쌓기) 옹벽을 별도로 추가 설계 변경하여 시공함_웅동-장유 국도확장,웅동-장유 국도확장,Risk_042,"안식각을 확보하지 못한 가파른 사면으로 인해 지반이 붕괴될 우려가 크며, 본선 도로 선형을 침범하여 공정 진행이 불가능해짐",,,,Strategy
Strat_043,워터제트 장비 추가 투입 및 심야 운행선 인접 야간 작업 할증 비용을 실정보고 통해 반영함_인천공항철도연계시설확충,인천공항철도연계시설확충,Risk_043,가시설 지지력 미확보로 인한 안전 위험과 야간 작업 비용 누락에 따른 시공사 원가 악화,,,,Strategy
Strat_044,관리기관과 협의하여 지장선로 이설 계획을 수립하고 설계변경을 통해 이설 비용을 반영함_포승-평택철도 1공구,포승-평택철도 1공구,Risk_044,물리적 간섭으로 옹벽 굴착 착수가 장기간 지연되며 선로 훼손 시 대형 철도 사고 위험 상존,,,,Strategy
Strat_045,화약류를 사용하지 않는 비발파 유압식 할암 공법으로 굴착 계획을 변경하여 인허가 문제를 해결하고 시공함_노포북정3공구,노포북정3공구,Risk_045,발파 굴착이 중단되고 부득이하게 비발파 공법(유압식 할암)으로 변경하게 되어 장비비 증가 및 공기 지연 발생,,,,Strategy
Strat_046,즉각 시공을 중단하고 유관기관과 협의하여 통신케이블을 안전 구간으로 우선 이설 조치 후 공사를 재개함_인천공항철도연계시설확충,인천공항철도연계시설확충,Risk_046,미인지 상태로 항타 강행 시 철도 핵심 통신망 절단으로 열차 운행 마비 등 대형 사고 위험 및 공기 마비,,,유관기관,Strategy
Strat_047,Fast-Track으로 안전영향평가를 선시행하고 평가 결과에 따른 감지 시설 등을 설치하여 적법하게 인허가를 조기 획득함_사상하단4공구,사상하단4공구,Risk_047,도시가스사업법에 따른 가스안전영향평가 심의 기간(최소 3개월) 동안 사면 굴착 착수가 장기간 중단됨,,,,Strategy
Strat_048,환경영향평가 협의를 준수하여 서식 구역 보호 차단망을 설치하고 포획/이주 비용을 실정보고 통해 반영함_서해선 홍성-송산 5공구,서해선 홍성-송산 5공구,Risk_048,법적 보호 조치 없이 무단 굴착 시 환경법 위반에 따른 공사 전면 중지 처분 및 사회적 민원 발생,,,,Strategy
Strat_049,강지보 보강 및 지표 시설물 보수 후 안정성 검토 용역을 통해 보강 방안 수립 후 굴착 재개_서해선 홍성-송산 전철 5공구,서해선 홍성-송산 전철 5공구,Risk_049,지표 침하로 인근 도로 및 맨홀이 파손되고 갱구부 터널 상단 붕괴 위험이 발생하여 굴착 전면 중지,,,,Strategy
Strat_050,굴진 중단 후 추가 암선 측방 확인 천공을 실시하고 지보 패턴을 토사 조건에 맞게 대폭 상향(PD-5A/5B) 변경함_김포도시철도 3공구,김포도시철도 3공구,Risk_050,"미확인 연약층 조우로 천단 침하가 급증하며 초기 지보(숏크리트 균열, 강지보 변형)가 파괴되는 붕괴 위기 발생",,,,Strategy
Strat_051,막장 안정 확보를 위해 상반 막장면에 숏크리트 뿜어붙이기 보강 공법(막장 숏크리트)을 추가 적용함_김포도시철도 3공구,김포도시철도 3공구,Risk_051,막장 토사가 지속적으로 슬라이딩 붕락하여 정상 굴진이 마비되고 작업자 안전이 심각하게 위협받음,,,,Strategy
Strat_052,"정밀 발파 패턴 관리 및 암판정을 강화하고, 초과 투입된 물량에 대해 실정보고를 통한 도급 보전 추진_새만금전주 6공구",새만금전주 6공구,Risk_052,여굴 채움용 숏크리트 투입량이 설계 대비 최대 133% 급증하여 시공사 및 하도급사 원가가 크게 악화됨,,,,Strategy
Strat_053,터널학회 자문을 통해 보약 설계 타당성을 입증하고 국토부 총사업비 심의를 통해 도급 증액(408억) 및 복구함_울산~포항 전철 2공구,울산~포항 전철 2공구,Risk_053,갱구 접속부 대규모 붕락 및 광범위한 터널 구간(1.1km) 내공 변위 발생으로 천문학적 복구 비용 발생,,,,Strategy
Strat_054,현장 여건에 맞게 장비 운용이 가능한 상·하분할 롱벤치 공법으로 설계 변경하여 시공성 확보_김포도시철도 3공구,김포도시철도 3공구,Risk_054,장비 진입 불가로 계획된 1일 2발파가 불가능해지며 상하반 교차 작업 효율 저하로 공기 지연 발생,,,,Strategy
Strat_055,천단 안정을 위해 지보패턴을 보수적인 상하분할 굴착(PS-2B)으로 대폭 상향하고 지보재를 집중 보강함_서울지하철 923공구,서울지하철 923공구,Risk_055,기존 전단면 지보(PS-4)로는 천단 안정 확보가 불가능하며 지하수 유출로 숏크리트가 탈락하는 붕락 위기,,,,Strategy
Strat_056,"발파 공법을 전면 취소하고, 비용은 높으나 진동이 없는 무진동 또는 초정밀 진동 제어 공법으로 변경 시공함_서울지하철 923공구",서울지하철 923공구,Risk_056,허용치 초과 진동으로 인한 민원 및 건물 파손 리스크로 폭약 사용 규제 및 공사 중지 위기 봉착,,,,Strategy
Strat_057,임의 투입된 바닥 보강 수량을 실측 증빙하여 도급 반영을 추진하고 지반 상이에 따른 실정보고 조치_동대구-영천전철 4공구,동대구-영천전철 4공구,Risk_057,장비 주행 및 인버트 작업이 불가하며 교란된 바닥 보강을 위해 계획 외 자재(빈배합 등)가 과다 투입되어 업체 적자 발생,,,,Strategy
Strat_058,암판정 위원회 결과를 근거로 패턴을 PD-4(분할굴착)로 즉각 변경하고 증가된 지보재 비용 승인을 득함_도담-영천전철 6공구,도담-영천전철 6공구,Risk_058,"전단면 굴착 시 막장 붕락 위험이 있으며, 분할 굴착으로 변경됨에 따라 숏크리트/록볼트 물량이 대폭 증가함",,,,Strategy
Strat_059,라이닝 폼 개조를 통해 갱문과 본선을 일체 타설하여 구조적 안정성 및 수밀성 확보_새만금전주 5공구,새만금전주 5공구,Risk_059,이음부 정밀도 저하로 인한 누수 및 토압 집중에 의한 치명적 인장 균열 발생,,,,Strategy
Strat_060,지반조건 재조사 후 구조계산 최적화 및 양측 대칭 층따기/균형 되메우기 정밀 시공 지침 수립_시흥장현지구 1공구,시흥장현지구 1공구,Risk_060,되메우기 중 구조계산을 초과하는 편토압이 작용하여 벽체 압굴 및 붕괴 직전 상황 발생,,지침,,Strategy
Strat_061,협소 구간은 대형 장비 대신 쏘일시멘트 채움 등 대체 공법을 적용하여 장비 측압 최소화_부산외곽순환고속 9공구,부산외곽순환고속 9공구,Risk_061,다짐 불량 및 급속 하중 증가로 갱문 배면 토사에 변위가 발생하고 구조물 상단에 인장균열 발생,,,,Strategy
Strat_062,록볼트가 완전히 매립되도록 현장 여건에 맞게 숏크리트 두께를 보정하고 설계변경 추진_안성-구리고속 11공구,안성-구리고속 11공구,Risk_062,록볼트 두부가 외부로 노출되어 지보 성능이 저하되고 이를 덮기 위해 숏크리트 물량 폭증,,,,Strategy
Strat_063,누락된 배수 동판 자재를 긴급 수급하여 정밀 시공하고 실정보고를 통해 도급 증액 확보_서울지하철 923공구,서울지하철 923공구,Risk_063,자재 미수급으로 인한 시공 누락 시 접속부 지하수 유입 및 동절기 지보재 동결 탈락 하자 발생,,,,Strategy
Strat_064,피암터널 상부의 편경사를 전면 수정하고 우수 정체 방지를 위한 추가 지수 대책 수립/시공_울릉도일주도로2,울릉도일주도로2,Risk_064,정체된 우수가 신축이음부로 침투하여 내부 누수 및 겨울철 콘크리트 동해(Freezing) 탈락 유발,,,,Strategy
Strat_065,외기 노출 구간에 전열선(Heat Tracing) 및 보온 단열재 보강 공법을 상향 적용하여 시공_전주-남원1공구,전주-남원1공구,Risk_065,겨울철 한파 시 배수관 내 체수 동파로 인한 누수가 노면에 얼어붙어(블랙아이스) 사고 유발,,,,Strategy
Strat_066,누락 수량을 즉시 실정보고하여 설계변경 승인을 득하고 적기에 가복공 구조물 시공 완료_울릉공항,울릉공항,Risk_066,예산/자재 부족으로 갱문 시공이 지연되며 이로 인해 갱구부 지질 이완 및 사면 붕괴 위험 증대,,,,Strategy
Strat_067,1개월 이상 방치 예상 시 일반 결속 대신 굵은 반생 결속 및 용접 보강으로 고정력 강화_충주댐치수능력증대,충주댐치수능력증대,Risk_067,일반 결속선이 부식되어 끊어지며 무거운 철근망이 붕락하여 하부 작업자 매몰 사고 위험 발생,,,,Strategy
Strat_068,마감 거푸집 설계를 보충하고 타설 시 측압에 저항할 수 있는 타이로드 및 지지 보강 상세 적용_부산외곽순환고속 9공구,부산외곽순환고속 9공구,Risk_068,대체 자재로 타설 중 측압을 견디지 못해 거푸집이 터지거나(Blow-out) 마감 불량 발생,,,,Strategy
Strat_069,배면 사면 수계 분석을 재실시해 가배수로/집수정 용량을 상향하고 사면 천막 보양 및 유도 배수관 설치_사상하단 4공구 등,사상하단 4공구 등,Risk_069,"점보드릴, 숏크리트 머신 등 고가의 터널 장비가 전면 침수되고 현장이 뻘밭으로 변해 공정이 장기간 마비됨",,,,Strategy
Strat_070,"사면 붕괴 위험 구간에 낙석방지 울타리, 락볼트, 식생기반 취부공 등 강력한 영구 보호 대책을 보강_사상하단/칠북-북면 등",사상하단/칠북-북면 등,Risk_070,공사 중 대규모 낙석이 발생해 장비 및 차량을 덮치는 인명 사고가 유발되고 공사가 전면 중단됨,,,,Strategy
Strat_071,부적합 토사를 배제하고 외지 양질토를 반입해 양측면을 대칭으로 정밀 층다짐 성토하며 계측 관리 강화_울릉도일주/시흥장현 등,울릉도일주/시흥장현 등,Risk_071,부등침하에 의해 파형강판 벽체에 심각한 크랙이 발생하거나 갱문 구조물이 찌그러져 터택 붕괴 위협,,,,Strategy
Strat_072,뒤채움 시 시멘트 혼입 다짐으로 강도를 높이고 최소 3개월 이상의 침하 수렴 기간을 확보한 뒤 상부 타설_새만금-전주 7공구 등,새만금-전주 7공구 등,Risk_072,뒤채움 지반이 장기 침하하며 옹벽이 배부르고 상부 콘크리트 포장 및 측구에 심각한 균열/단차 발생,,,,Strategy
Strat_073,비탈면을 따라 유지관리용 점검 계단을 시공하고 갱문 상단 추락 방지용 안전 난간을 실정보고로 추가 반영_진접선 3공구 등,진접선 3공구 등,Risk_073,점검 시설 부재로 유지관리자가 추락할 위험이 극도로 높아지고 유관기관 지적으로 준공 지연 및 추가 공사비 유발,,,,Strategy
Strat_074,투수성과 동상 안정성이 검증된 양질의 토사를 사용하고 맹암거 및 필터망 시공 상태를 전수 검측_포항시우회도로 등,포항시우회도로 등,Risk_074,동절기 지하수 정체 및 얼음 팽창압으로 옹벽 전면에 심각한 균열 및 배부름이 발생하고 붕괴 위험 고조,,,,Strategy
Strat_075,절취 즉시 보강 작업을 선행하고 우기 전 방수포 덮기 및 상부 유도 배수 조치를 철저히 이행_오남수동도로 등,오남수동도로 등,Risk_075,불연속면을 따라 지반 강도가 급격히 저하되며 대규모 원호활동 파괴가 발생해 하부 갱문 현장을 매몰시킴,,,,Strategy
Strat_076,협소 구간은 쏘일시멘트로 치환 타설해 다짐 한계를 극복하고 접속부에 어프로치 슬래브를 필수 설치_동대구-영천 4공구 등,동대구-영천 4공구 등,Risk_076,지지력 차이에 의한 부등침하로 상부 포장에 심각한 단차와 균열이 발생해 주행 차량의 전도 및 전복 위험,,,,Strategy
Strat_077,착수 전 시설물 하부 사면에 게비온 옹벽 등을 선시공해 보강하고 제어 발파 및 실시간 계측을 수행_칠북-북면 도로 등,칠북-북면 도로 등,Risk_077,발파 충격으로 철탑이 기울거나 분묘가 무너져 공사가 전면 중단되고 거액의 보상비 및 이설비 발생,,,,Strategy
Strat_078,암질 조건에 맞춰 취부 두께를 3~10cm로 상향하고 보습력이 뛰어난 유기질 기반재와 자생 수종을 배합_칠북-북면/예천양수 등,칠북-북면/예천양수 등,Risk_078,열악한 보습력으로 식생이 대거 고사하고 집중호우 시 기반재가 유실되어 흉물스러운 암반 노출 및 미관 훼손,,,,Strategy
Strat_079,누락된 동판 설치 비용을 실정보고로 반영하고 조인트 지수재 및 방수 코킹 시공 상태를 전수 확인_서울지하철 923공구 등,서울지하철 923공구 등,Risk_079,우기 시 수압에 의해 접속부로 집중 누수가 발생하고 동절기 고드름 형성으로 차량/열차 안전에 치명적 위협,,,,Strategy
Strat_080,사면 변위 우려 구간에 비탈면 경보시스템 및 자동화 계측기를 선행 설치하고 기준치 초과 시 즉시 대피 체계 가동_칠북-북면 / 성남복정 등,칠북-북면 / 성남복정 등,Risk_080,폭우나 해빙기 시 사면의 완만한 거동(Creep)이나 붕괴 전조를 감지하지 못해 대규모 산사태로 대참사가 유발됨,,기준,,Strategy
Strat_081,거푸집 세팅 시 3D 스캐너로 내공 치수를 정밀 측량하고 방제시설 부착을 고려해 넉넉한 단면으로 보수적 설계 적용_터널 현장 공통,터널 현장 공통,Risk_081,내부 여유 공간 부족으로 차량/열차의 시설한계를 침범하며 대형 특수차 진입 시 상단부 충돌 및 구조물 파손 유발,,,,Strategy
Strat_082,배수로 종점부에 바닥보호공 및 세굴 방지용 사석 부설을 설계에 반영하고 유속 감쇄용 웅덩이(감세공) 설치_수원외곽 / 양주회천 등,수원외곽 / 양주회천 등,Risk_082,폭우 시 쏟아지는 유수에 의해 합류부 도랑이 깊게 파이며 도로 성토 지반과 옹벽이 연쇄적으로 붕괴/침하됨,,,,Strategy
Strat_083,전선 인입부 등 모든 조인트에 고내구성 실런트를 적용하고 옥외 전선관 입구에 빗물 유입 방지 트랩(U-Trap) 설치_고군산 2공구 / 영암-해남 등,고군산 2공구 / 영암-해남 등,Risk_083,강우 시 노출 전선관 틈새로 빗물이 침투해 배관을 부식시키고 전선 단락(합선)으로 인한 화재 및 조명 블랙아웃 유발,,,,Strategy
Strat_084,실시설계 도면과 수량산출서를 대조하여 누락된 사면 흙깎기 및 인공지반 갱문 구축 수량을 찾아내고 설계변경(실정보고)을 통해 도급 내역에 추가 반영_울릉공항,울릉공항,Risk_084,인공지반 갱문 구축에 소요되는 막대한 시공비용이 도급 내역에 반영되지 않아 시공사 원가 손실 및 실행 초과 적자가 발생함,,,,Strategy
Strat_085,양방향 3개소에 배정된 강재거푸집 3개 중 1개를 반으로 절단/개조하여 갱문 일체시공이 가능하도록 라이닝폼을 변경하고 실정보고 승인을 득함_새만금전주 5공구,새만금전주 5공구,Risk_085,일반적인 강재거푸집(라이닝폼) 운영 방식으로는 갱문 일체시공이 물리적으로 불가하여 거푸집 절단 및 개조 작업에 따른 공사비 증가 및 공기 지연 발생,,,,Strategy
Strat_086,도면에 표기된 갱문 조인트 부위 유도배수용 동판 물량을 산출하여 설계변경에 추가 반영하고 수밀하게 밀착 시공함_서울지하철 923공구,서울지하철 923공구,Risk_086,"이질 구조물이 만나는 갱문 접속부를 통해 장기적인 지하수 유입이 발생하여 누수, 백태 현상 및 구조물 내구성 저하 하자가 유발될 우려가 큼",,,,Strategy
Strat_087,"유관기관 합동점검 지적사항을 즉각 수용하여, 갱문 상단에 12m의 토사낙하방지턱을 펌프카를 동원해 타설하고 16m의 안전난간 및 비산방지철망을 긴급 추가 설치함_진접선 3공구",진접선 3공구,Risk_087,"우천 시 갱문 상부에서 토사가 선로로 쏟아져 열차 안전 운행을 저해할 수 있으며, 상부 점검 작업 중 근로자가 추락할 중대재해 위험이 유관기관 개통전 점검에서 지적됨",,,유관기관,Strategy
Strat_088,"위험 인지 즉시 굴착을 전면 보류하고 본사 기술연구소의 사면 안정성 검토를 거쳐, 갱문 사면 보강공법(Soil Nailing)을 추가 설계 반영하여 지반 안정성 확보 후 시공 재개_부산외곽순환고속 9공구",부산외곽순환고속 9공구,Risk_088,"얕은 토피고와 불량한 암질 조건에서 원설계된 절토 구배로 굴착을 강행할 경우, 갱문 구축부 사면의 대규모 슬라이딩 파괴 및 터널 천단 함몰 사고 발생 위험 고조",,,,Strategy
Strat_089,구조물 경사계 등 자동화 계측 강화 및 수평 보강 그라우팅(ASG 공법 등) 긴급 시행으로 안정성 확보_광명전력구,광명전력구,Risk_089,세무서 주차장 균열 민원 및 도시철도 궤도 침하 기준치 초과로 인한 정밀안전진단/공사 지연 발생,,,,Strategy
Strat_090,굴착 전 인력 줄파기 범위를 확대하고 사고 즉시 긴급 복구 및 지장물 누락에 의한 실정보고 추진_GTX-A 6공구,GTX-A 6공구,Risk_090,굴착 장비가 상수관을 타격하여 다량의 누수 발생 및 주변 지반 함몰/단수 피해로 인한 천문학적 보상비 발생,,,,Strategy
Strat_091,사고지점 긴급 복구 후 철거 공법을 기계식에서 인력 철거로 변경하여 잔여 구간 안전성 확보_사상하단4공구,사상하단4공구,Risk_091,중장비 철거 중 케이블 절단으로 일대 통신 장애 민원 폭주 및 통신사로부터 거액의 피해복구비 청구,,,,Strategy
Strat_092,지반 이완을 최소화하기 위해 현장 타설 공법을 프리캐스트(PC) Box 거치 공법으로 설계 변경하여 조기 안정성 확보_인천공항철도연계,인천공항철도연계,Risk_092,서울역 승강장 및 궤도 부등침하로 인한 열차 탈선 및 복구 불능의 대형 철도 재난 사고 우려,,,,Strategy
Strat_093,가시설 버팀보에 수직 레이커(Raker) 및 지반 보강 그라우팅을 추가하여 지반 지지력을 대폭 강화_서울지하철 923공구,서울지하철 923공구,Risk_093,"건물 균열 및 벌어짐 심화에 따른 거주민 불안 및 공사 중지 위기, 막대한 보수/보상비 발생",,,,Strategy
Strat_094,인접 사업 간섭을 고려한 통합 계측망 구축 및 고강도 그라우팅을 통한 교대 주각부 선제적 보강_에코델타시티 2-1,에코델타시티 2-1,Risk_094,교대 측방변위 및 부등침하로 교량 구조 안정성 훼손 및 준공 후 대규모 하자 유지보수비 발생,,,,Strategy
Strat_095,상수관로 이설 및 영향권 내 보강토 옹벽 하부 저유동몰탈주입(CGS) 공법을 적용하여 지반 근본 강화_칠북-북면간 도로,칠북-북면간 도로,Risk_095,성토 하중에 의한 압밀 영향으로 상수관 파열(지수 중단) 및 보강토옹벽 전면 붕괴 위험 발생,,,,Strategy
Strat_096,열 팽창을 흡수할 수 있는 U-Bend 설계 추가 및 전문기관 정말 구조 검토를 통한 보강 상세 적용_삼성-동탄 GTX 2공구,삼성-동탄 GTX 2공구,Risk_096,온도 변화로 인한 관로 좌굴 및 파열 시 고온 열수 분출로 현장 작업자 대형 참사 및 지역 난방 중단,,,,Strategy
Strat_097,터파기 심도를 획기적으로 줄일 수 있는 저심도 구조물(U-Type)로 설계를 변경하여 안정성 극대화_동대구-영천전철 4공구,동대구-영천전철 4공구,Risk_097,궤도 틀림 관리기준 초과로 인한 열차 운행 금지 처분 및 탈선 참사 우려로 공사 전면 중단 위기,,,,Strategy
Strat_098,관정 양수 중단 및 공사용수를 살수차(외부 공급)로 대체하는 설계변경을 통해 지반 하부 수압 회복_새만금전주 6공구,새만금전주 6공구,Risk_098,"지하수위 급강하에 따른 압밀로 주변 민가 균열 및 축사 기초 함몰 발생, 집단 민원 및 환경법 위반 사고",,,,Strategy
Strat_099,보수 불가 판정에 따라 해당 부지 및 건물을 전면 매입 후 선철거하고 실정보고를 통해 사업비 증액_수인선 2-2공구,수인선 2-2공구,Risk_099,"거주민 안전 우려로 인한 결사항전식 민원 및 건물 붕괴 위험으로 공정 마비, 대규모 보상비 발생",,,,Strategy
Strat_100,되메우기 시 가시설 인발을 철저히 확인하고 협소 구간은 유동성 채움재(쏘일시멘트 등)로 완전 밀실 채움_일반 / 공통,일반 / 공통,Risk_100,장기적으로 가시설 부근 지하수 이동에 의한 토사 유실로 도로 하부 대형 공동(싱크홀) 발생,,,,Strategy
Strat_101,"이음부 사이 특수 지수재 주입 및 조인트 강성 보강, 타 공구와의 공정 조정 및 합동 계측 시행_시화하수처리장",시화하수처리장,Risk_101,지중 연동 침하로 공동구 이음부가 허용치를 넘어 벌어지고 대규모 지하수 유입으로 기능 마비,,,,Strategy
Strat_102,단선 방지용 아머드 케이블 및 고품질 센서로 전면 교부 매설하고 장비 접근 금지용 보호 펜스 설치_평화의댐,평화의댐,Risk_102,실시간 데이터 맹점으로 지반 이완 징후를 놓쳐 건물 붕괴를 예방할 수 있는 골든타임 상실,,,,Strategy
Strat_103,배면 재굴착 후 고강도 필터매트 정밀 시공 및 수리 계산에 근거한 충분한 두께의 쇄석층 보강_평택항외곽호안,평택항외곽호안,Risk_103,지하수 흐름에 의한 지속적인 토사 세립분 유출로 인접 도로 하부 공동 발생 및 도로 일시 함몰,,,,Strategy
Strat_104,노면 정리를 위한 전담 장비(그레이더 등) 및 살수/배수 인건비를 설계에 추가 반영하고 상시 평탄화 실시_파주포천도로 2공구,파주포천도로 2공구,Risk_104,레미콘 및 덤프 차량의 운반 속도가 1/2로 감소하고 타이어 파손이 빈발하여 수리비 급증 및 공기 지연,,,,Strategy
Strat_105,작업 공간 확보가 용이하도록 마이크로 벤치에서 롱벤치 공법으로 설계를 변경하여 장비 운용의 독립성 확보_김포도시철도 3공구,김포도시철도 3공구,Risk_105,장비 간 동선 엉킴으로 인한 대기 시간이 굴진 시간의 30%를 초과하여 계획된 1일 2발파 달성 불가,,,,Strategy
Strat_106,터널 내 일정 간격마다 가적치장 또는 비상주차대를 활용한 임시 회차로를 조성하고 운반 보전비를 정산 승인함_오남수동 도로,오남수동 도로,Risk_106,운반 장비의 사고 위험 폭증 및 관급 레미콘 업체들이 차량 파손 우려로 터널 진입을 전면 거부하여 공정 중단,,,,Strategy
Strat_107,"보행자 전용 가설 통로를 신설하여 동선을 완전 분리하고 교차 구간에 전담 교통 신호수를 다수 추가 배치함_성남복정1, 2지구","성남복정1, 2지구",Risk_107,장비의 넓은 회전 반경과 운전석 사각지대로 인해 횡단 학생을 인지하지 못하고 덮치는 치명적 인명 사고 우려 극심,,,,Strategy
Strat_108,사각지대 해소를 위해 공사용 가도의 위치를 변경하고 펌프카가 내부까지 접근 가능한 진입로를 설계 변경을 통해 구축_고덕산단 1단계,고덕산단 1단계,Risk_108,구조물 끝단까지 콘크리트 압송이 불가하여 타설 공정이 전면 중단되고 가도를 확폭 주진입 시켜야 하는 등 비용 발생,,,,Strategy
Strat_109,곡선부 내 장비 최소 회전 궤적을 실측하여 가시설 점유 범위를 조정하고 이동식 라이닝 폼 등 대안 공법 도입_일반 / 터널 공통,일반 / 터널 공통,Risk_109,믹서트럭이 선회 동작 중 동바리를 충돌하여 붕괴 재해를 유발하거나 진입 자체가 막혀 후속 공정이 전면 마비됨,,,,Strategy
Strat_110,• 설계 단계부터 갱외 대규모 임시 야적 부지 임대료 및 인허가 대비 예산 확보. • 하역장 안전 확보용 불도저 상시 배치 및 안전턱(Berm) 조성비 반영._새만금전주 6,새만금전주 6,Risk_110,• 13m 낭떠러지 끝단에서 덤프 하역 중 지반 무너짐으로 인한 대형 전도 사고 위험. • 불도저(D/Z) 추가 투입 방식(D/T+D/Z) 변경에 따른 예상치 못한 장비대 지출.,,,,Strategy
Strat_111,• 굴착 연장에 비례한 노면정리장비(그레이더/살수차) 임대료 및 골재 부설비 반영. • 운송 노조의 특수 수당구간(급경사 하향굴착 등) 할증비를 사전 도급에 포함._파주포천 2공구,파주포천 2공구,Risk_111,• 덤프/레미콘 타이어 파열 빈발 및 시속 5km 주행으로 사이클 타임 붕괴. • 운송노조(레미콘)의 갱내 진입 거부 및 추가 수당 요구 파업으로 공정 중단.,,,,Strategy
Strat_112,• 3D 스캐너 활용 여굴 실시간 프로파일링 및 굴착 형상 관리. • 점보드릴 가이드 시스템 최적화 및 고성능 액상 급결제 적용._오남수동도로,오남수동도로,Risk_112,• 숏크리트 타설량 및 리바운드량 급증 (파주포천 2공구 133% 투입). • 터널 라이닝 배면 채움을 위한 레미콘 수량 폭증으로 수십억 원대 원가 적자 발생.,점보드릴,,,Strategy
Strat_113,• 보안물건 인접 구간은 설계 단계부터 화약 발파를 배제하고 기계 굴착(할암) 반영. • 불가피할 경우 강력한 비산 방지 덮개 및 방호 옹벽 계획 수립._노포북정 3공구,노포북정 3공구,Risk_113,• 도급 내역의 발파 공법 적용이 차단되어 굴착 공정 장기간 마비. • 非발파 공법(할암 등) 전면 설계변경 시행 및 작업 효율 급감으로 원가율 상승.,,,,Strategy
Strat_114,• 주민 대표 참관 하에 시험발파 시행 및 계측 데이터 투명 공유. • 민원 합의금(위로금) 예산 선제 확보 및 발주처 책임 분담 테이블 구성._새만금전주 5,새만금전주 5,Risk_114,• 법적 기준 만족에도 불구하고 민원 압박을 이기지 못해 굴착 공정 전면 중단. • 발파 포기 및 기계식 정밀깎기 변경으로 공기 526일 지연 및 수억 원 손실.,,,발주처,Strategy
Strat_115,• 발파 직후 3D 스캐닝을 통해 미굴부 즉각 Chipping 및 소발파 실시. • 발파 설계 시 뇌관 기폭 순서 최적화 및 장약량 정밀 제어._오남수동도로,오남수동도로,Risk_115,• 돌출된 암반으로 인해 지지 구조물 및 방수 시트 시공 불가 (재작업 발생). • 브레이커 등 추가 장비 투입(면정리)에 2.9억 원의 비정형 원가 손실 발생.,,,,Strategy
Strat_116,• 착공 초기 경찰서 협의를 통해 현실적 발파 시간(주간 8시간 등) 확정 및 공정표 재수립. • 불발항력적 인허가 조건 변경을 사유로 발주처에 공기 연장 및 간접비 공식 청구._오남수동도로,오남수동도로,Risk_116,• 1일 4회 → 2회 발파로 작업 효율이 50% 반토막 나며 굴착 기간 기하급수적 초과. • 장비 및 전문 인력 대기료 3.8억 원 발생 및 발주처의 실정보고 거부로 손실 확정.,,,발주처,Strategy
Strat_117,"물리적 수치(kine) 외에 민원인의 감각적 피해 보상을 위한 협상 예산을 확보하고, 공법 변경에 따른 공기 연장 책임을 명확히 함._새만금전주 5공구",새만금전주 5공구,Risk_117,"주민 시위로 터널 진입로 봉쇄 및 공기 마비. 결국 화약 발파를 포기하고 기계식 '정밀깎기'로 변경하여 2억 3,200만 원 손실 및 공기 지연.",,,민원인,Strategy
Strat_118,"도심지 및 고속도로 초인접 구간은 설계 시 발파를 배제하고 기계식 굴착을 적용하며, 불가피 시 비산 방지 정밀 대책으로 경찰을 설득함._노포북정 3공구",노포북정 3공구,Risk_118,화약 반입 차단으로 공정 과부하 발생. 고가의 유압식 할암공법(비발파)으로 전면 변경하여 원가율이 4.4% 폭등하고 후속 공정 연쇄 지연.,,,,Strategy
Strat_119,"기존 운영선이나 도심지 상가 구조물과 극근접 교차하는 구간은 화약류 발파를 원천 배제하고 무진동 굴착(로드헤더, 할암) 단가를 선제적으로 도급 내역에 반영함._대구도시철도 305공구",대구도시철도 305공구,Risk_119,실제 굴착 착수 시 발파로 인해 발생하는 구조체 진동 및 소음으로 인접 상인들의 극렬한 민원 발생 및 기존 2호선 운영 안전성 위협. 미진동파쇄 공정 전면 취소 및 단가가 높은 기계식 '무진동파쇄' 공법 전환으로 인한 원가 상승 및 공기 지연.,,,,Strategy
Strat_120,"도심지 의료시설 등 초정온시설 인접 발파/굴착 공사 시, 굴착 장비 상부에 국소 방음 챔버를 씌우거나 무진동/무소음 굴착 공법을 1순위로 채택하여 설계 가설내역에 반영함._서울지하철 923공구",서울지하철 923공구,Risk_120,"공사 착수 후 현장 실측 소음 결과치(70dB)가 법적인 병원 소음기준치(65dB)를 상회함에 따라, 1급 방음판을 전면 추가 설치해야 했으며 이로 인해 9,400만 원의 원가 손실 발생.",,,,Strategy
Strat_121,"설계 시 상업시설 인접 구간은 '영업 피해 민원 발생'을 디폴트 리스크로 산정하고, 도급 내역에 정밀제어발파 또는 기계굴착 단가를 보수적으로 우선 배정함._오남수동도로",오남수동도로,Risk_121,실제 굴착 착수 후 인근 상인들의 극심한 영업 피해 민원으로 공정 셧다운됨. '정밀진동제어발파'로 공법 하향 변경했으나 발주처가 설계변경을 거부하여 시공사가 직공비 손실을 부담함.,,,,Strategy
Strat_122,"도심지 발파 현장 설계 시, 지자체 환경 조례 및 지역 주민 집단 민원에 대비하여 최고 수준의 소음/진동 억제 설비(스마트 실시간 계측 등)를 환경관리비 및 직접공사비에 100% 할증 설계함._성남복정1·2 공공주택지구",성남복정1·2 공공주택지구,Risk_122,"민원 해소 없이는 발파 착수가 불가하여, 암파쇄 방호시설, 이동식 방음벽, 스마트폰 연동 자동화 소음계측기 등 13억 원 규모의 환경관리대책 시설물을 긴급 편입하여 실행 원가 상승.",,,,Strategy
Strat_123,"도심지 및 민가 인접 대규모 발파장 운영 설계 시, '환경컨설팅 용역비' 및 '인접 구조물 정밀 사전/사후조사비'를 도급 내역(환경관리비)에 100% 사전 편입함._송산그린시티 남측지구 3공구",송산그린시티 남측지구 3공구,Risk_123,"실제 발파 착수 시 주민들의 균열 보상 청구 및 공사 중지 민원 리스크가 고조되어, 이를 방어하기 위한 컨설팅, 균열 사전조사 용역 등에 수억 원의 비계획적 예산 투입.",,,,Strategy
Strat_124,"암질에 적합하도록 발파 패턴을 최적화(저항선, 공간격 조절, 미진동 제어발파 적용)하여 정밀 천공을 유도하고, 여굴에 따른 숏크리트 손실분에 대해 실정보고를 통한 협력업체 적자 보전을 협의함_새만금전주 6공구",새만금전주 6공구,Risk_124,"천단부와 측벽에 막대한 여굴이 발생하여, 빈 공간을 채우기 위한 숏크리트 투입량이 저토피구간 133%, 일반구간 113% 초과 발생하며 시공사 및 하도급사의 극심한 실행 적자가 초래됨",,,,Strategy
Strat_125,"여굴 발생 부위에 대한 정확한 3D 스캐닝 및 단면 측량을 통해 초과 물량을 객관적으로 산출하고, 발주처에 지보패턴 상향에 따른 불가피한 여굴 채움 비용으로 실정보고 정산 반영을 추진함_파주포천도로 2공구",파주포천도로 2공구,Risk_125,"터널 하부 공동구 배면 및 기초 콘크리트 타설 시 빈 공간(여굴)을 채우기 위한 콘크리트 물량이 급증하여 자재가 과투입되고, 협력업체의 초과 비용 보전 요구 및 공정 마찰이 발생함",,,발주처,Strategy
Strat_126,"공사계약 일반조건 제6절에 근거하여 발파 굴착의 한계성 및 미굴 정리의 불가피성을 객관적으로 소명하고, 바닥 및 면정리를 위한 기계 굴착 단가 도급 반영을 지속적으로 추진함_오남수동도로",오남수동도로,Risk_126,"방수, 공동구 및 맹암거 등 후속 구조물 시공을 위해 평탄한 설계 단면을 확보해야 하나, 발주처는 미굴 정리를 위한 대형 브레이커 등 기계 굴착 추가 비용 반영을 거부하여 시공사 원가가 크게 상승함",,,,Strategy
Strat_127,"심발부 발파 패턴(V컷, 실린더컷 등)을 불량 암질에 맞게 신속히 변경하고, 화약 전문가를 동원하여 천공 위치 및 장약량을 최적화함으로써 1회 발파당 굴진 효율을 끌어올림_새만금전주 5공구",새만금전주 5공구,Risk_127,"당초 일반발파 기준 1일 1,440㎥의 굴착을 계획하였으나, 실제 발파 효율 저하로 1일 840㎥로 작업량이 급감하며, 전체 터널 공사일수가 526일이나 증가하는 막대한 공기 지연이 초래됨",,,,Strategy
Strat_128,"천공 장비(점보드릴)의 각도계 활용 및 컴퓨터 제어 천공(Computerized Drilling) 유도로 정밀도를 높여 여굴을 제어하고, 요철보정층은 고정값이 아닌 현장 상황에 맞게 유동적으로 실측 정산되도록 발주처와 합의함_일반 / 공통 (중봉터널)",일반 / 공통 (중봉터널),Risk_128,"설계 도면상 요철보정층 두께(T=10cm 등)가 고정값으로 명시된 경우, 실제 여굴이 불규칙함에도 발주처나 감리단이 도면 수치만큼의 두께를 강제적으로 확보하도록 지시하여 과도한 콘크리트 타설 및 원가 폭증이 발생함",점보드릴,,발주처,Strategy
Strat_129,"변경된 분할 굴착 패턴에 맞게 굴착 장비(점보드릴, 로더 등)의 투입 동선을 재배치하고, 지보패턴 상향 및 분할 발파에 따른 단가 증액을 실정보고를 통해 도급에 즉시 반영함_새만금전주 5공구",새만금전주 5공구,Risk_129,"안정성 확보를 위해 기존 양호한 NA단면이 삭제되고 NC, ND, NP 단면 등 상·하반 분할 굴착 및 지보가 강화된 패턴으로 강제 변경됨에 따라, 굴착 사이클 타임이 증가하고 작업 효율이 크게 악화됨",점보드릴,,,Strategy
Strat_130,"연약 바닥면 출현 시 무리한 장비 작업을 중지하고, 감리단 입회 하에 현장 실측을 실시하여 바닥면 불량에 따른 필수 보강(빈배합 타설) 비용을 발주처 실정보고로 청구함_동대구-영천전철 4공구",동대구-영천전철 4공구,Risk_130,"교란된 바닥 지반으로는 중장비 주행 및 후속 인버트 타설이 불가하여, 작업성을 확보하기 위해 협력업체가 임의로 대량의 빈배합 콘크리트를 바닥에 타설하게 되어 수십억 원의 적자가 발생함",,,"감리단, 발주처",Strategy
Strat_131,"발파와 기계 굴착 병행 구간에 대한 명확한 작업 효율 저하 근거 자료(실측 작업일지, 동영상, 전문가 소견 등)를 확보하여 법원 감정 평가 시 증거로 제출하고 소송에 적극 대응함_일반 / 공통 (철도지하철팀)",일반 / 공통 (철도지하철팀),Risk_131,"단가 임의 조정으로 인해 38억 원 규모의 막대한 공사비 삭감이 발생하였고, 시공사는 강관다단 등 보조공법 적용에 따른 기계 굴착 효율 저하(싸이클 타임 증가)를 주장하며 수년간의 법적 소송이 진행됨",,,,Strategy
Strat_132,"3D 스캐닝(광파기) 측량 데이터를 확보하여 여굴량을 수치화하고, 이를 근거로 발주처에 추가 물량 정산 실정보고 단행._파주-포천 2공구",파주-포천 2공구,Risk_132,과도한 여굴 공간을 채우기 위해 숏크리트 타설 물량이 기하급수적으로 증가(최대 133%)하여 약 11억 원의 자재비 원가 적자 발생.,,,발주처,Strategy
Strat_133,"선진수평시추(TSP)를 통해 패턴 변경 구간을 조기 확정하고, 분할 굴착에 최적화된 장비 조합 투입 및 실정보고 승인 득함._도담-영천 6공구",도담-영천 6공구,Risk_133,전단면 굴착 강행 시 붕락 위험으로 '상하반 분할굴착(PD-4)'으로 변경. 굴진 속도 저하 및 보강 물량 증가로 1억 4백만 원 추가 공사비 발생.,,,,Strategy
Strat_134,"공인기관 입동 하에 시험발파를 실시하여 객관적 데이터를 확보하고, 이를 근거로 발파 단가 상향 설계변경 승인 득함._칠북-북면간 도로",칠북-북면간 도로,Risk_134,"시험발파 결과 일반 발파 불가 판정. 진동을 분산시키는 고가의 '중규모 진동제어발파'로 변경하여 단가가 71% 폭등하고 7,900만 원 원가 상승.",,,,Strategy
Strat_135,"터널 수량산출 시 이상적 평면 굴착 가정을 배제하고, 발파 특성을 반영한 '요철보정층(레벨링 콘크리트)' 수량을 도급 내역서에 명확히 편입시킴._부산외곽순환고속 9공구",부산외곽순환고속 9공구,Risk_135,도급 내역에 물량이 없어 터널 포장 시공 단계에서 평탄성 확보를 위해 시공사가 막대한 양의 레미콘을 사비로 투입하며 2억 6천만 원의 원가 하락 발생.,,,,Strategy
Strat_136,터널 공동구 설계 시 바닥부 여굴 채움용 콘크리트 할증 물량 및 가설 거푸집 물량을 표준품셈에 근거하여 별도 아이템으로 계상함._웅동-장유 국도확장,웅동-장유 국도확장,Risk_136,"공동구 기초 바닥 평탄화 과정에서 여굴 보정 비용이 비계획적으로 추가 투입되며 4,600만 원 상당의 직접 공사비 적자가 발생함.",,표준,,Strategy
Strat_137,"대심도 터널 지반조사 시 지하수위 변동 및 파쇄대 존재 가능성을 보수적으로 평가하여 예비 패턴을 결정하고, 굴착 중 징후 발견 시 즉각 실정보고를 수행함._서울지하철 923공구",서울지하철 923공구,Risk_137,기존 패턴 유지 시 막장 자립 불가 및 붕괴 위험 증대로 보강이 강화된 PS-2B 패턴으로 하향 변경. 강지보 및 숏크리트 물량 폭증으로 8.5억 원 추가 원가 유발.,,,,Strategy
Strat_138,"발파 패턴 최적화(제어발파 등)를 통해 여굴을 최소화하고, 불가항력적 여굴은 3D 스캐너 측량 결과를 근거로 발주처에 추가 물량 정산을 강력 청구함._새만금전주 6공구",새만금전주 6공구,Risk_138,여굴 공간을 채우기 위해 숏크리트(15억 증액) 및 라이닝 콘크리트(2억 증액) 물량이 폭증하여 총 17억 원 이상의 치명적인 자재비 적자 발생.,,,발주처,Strategy
Strat_139,"정밀기계 공장 인접 터널 설계 시, 진동 증폭 지반 조건을 보수적으로 적용하여 추정식을 산출하고, 무진동 굴착 단가를 확대 설계함._서울지하철 923공구",서울지하철 923공구,Risk_139,시험발파 결과 진동 속도가 설계치를 상회하여 인접 건물 정밀기계 파손 우려. 고비용 '무진동 기계 굴착'으로 전면 변경하며 4.2억 원 원가 증가 및 공정 지연.,,,,Strategy
Strat_140,"터널학회 등 외부 전문기관의 검증 및 자문회의를 통해 지보 패턴 상향 타당성을 확보하고, 발주처를 설득하여 총사업비 증액(복구 공사비)을 승인받아 보강을 수행함_울산~포항 전철 2공구",울산~포항 전철 2공구,Risk_140,"편압을 견디지 못하고 사갱 접속부에서 대규모 천단 붕락 사고가 발생하였으며, 약 1.1km 구간에 걸쳐 터널 내공변위가 허용치를 초과하여 굴착이 전면 중단됨",,,발주처,Strategy
Strat_141,즉시 굴착을 중지하고 토목연구지원팀의 기술지원을 통해 강관다단 그라우팅 및 인버트 조기 폐합 등 보강방안을 확정하여 굴착업체로 하여금 긴급 보강을 실시함_삼성-동탄광역급행철도 2공구,삼성-동탄광역급행철도 2공구,Risk_141,"지하수 유출에 따른 토립자 유실로 터널 내공변위가 관리기준치를 초과하여 급격히 증가하며, 숏크리트 균열 및 터널 붕괴 등 치명적인 사고 발생 가능성이 대두됨",,,,Strategy
Strat_142,"즉각 굴착을 중지하고 강지보를 추가 설치하여 보강하였으며, 외부 전문기관의 터널 안정성 확보 용역을 수행한 후 지상부 보수와 선지보 보강 방안을 수립하여 굴착을 재개함_서해선 홍성-송산 5공구",서해선 홍성-송산 5공구,Risk_142,지반 이완으로 인해 터널 직상부 지표면이 54mm나 급격히 침하되어 주변 도로와 맨홀 등 지상 구조물이 파손되고 굴착이 전면 중지됨,,,,Strategy
Strat_143,"막장 안정성 확보를 위해 해당 구간의 지보패턴을 전단면 굴착에서 상하반 분할 굴착(PS-2B)으로 대폭 상향 변경하고 지보재(강지보, 숏크리트)를 집중 보강함_서울지하철 923공구",서울지하철 923공구,Risk_143,암질 연약화와 용수 발생으로 인해 막장면이 자립하지 못하고 기존 얇은 지보패턴으로는 터널 천단을 지지할 수 없어 대형 붕락 위험이 팽배해짐,,,,Strategy
Strat_144,"현장 지질 및 수맥 조건이 설계와 상이하여 발생한 불가피한 연장 가동임을 근거(공사계약일반조건)로 발주처를 설득하고, 라이닝 공사 기간 동안의 오폐수 처리시설 추가 운영비를 실정보고하여 반영함_오남수동도로",오남수동도로,Risk_144,"설계에는 오폐수 처리시설 운영비가 굴착 기간에만 반영되어 있으나, 실제로는 후속 라이닝 콘크리트 타설 완료 시점(약 21.3개월 추가)까지 처리시설을 가동해야 하여 시공사 원가가 막대하게 발생함",,,발주처,Strategy
Strat_145,• 파쇄대 통과 시 3D 지질 모델링 및 전방 50m TSP 탐사 의무화. • 단층대 강관다단 3중첩 및 가인버트 조기 폐합 공법 적용._동해선 10공구,동해선 10공구,Risk_145,"• 터널 지보재(H-Beam) 좌굴 및 1.1km 구간에 걸친 터널 내공 변위(붕괴 직전) 발생. • 전 구간 수백억 원대 보완설계(도급 800억 증액, 당사 408억) 및 장기 소송 발생.",,,,Strategy
Strat_146,"저토피 불량 암질에 맞게 발파 패턴을 정밀 제어발파로 전면 수정하여 여굴을 최소화하고, 불가피하게 발생한 여굴 채움용 숏크리트 초과 투입분에 대해 실정보고를 추진함_새만금전주 6공구",새만금전주 6공구,Risk_146,"천단부와 측벽에 대규모 여굴이 형성되어 이를 채우기 위해 설계 대비 숏크리트 투입량이 저토피 구간 133%, 일반 구간 113%로 폭증하여 시공사 및 하도급사의 극심한 실행 적자가 초래됨",,,,Strategy
Strat_147,초과 유출되는 지하수에 대응하기 위해 발주처 승인을 득한 후 터널 오폐수 처리시설을 긴급 추가 설치(용량 증설)하여 환경 기준을 완벽히 준수함_삼성-동탄광역급행철도 2공구,삼성-동탄광역급행철도 2공구,Risk_147,"당초 계획된 오폐수 처리 설계용량(1,000m3/일)이 한계에 도달하여, 터널 내 탁수를 제때 처리하지 못할 경우 수질 환경기준을 위반하게 되고 민원 및 조업 정지 사태가 발생할 우려가 커짐",,기준,발주처,Strategy
Strat_148,"폐기물성 토사를 수용할 수 있는 신규 사토장을 긴급 발굴하였으나 운반거리가 대폭 증가함에 따라, 사토장 변경 및 운반거리 증가에 따른 공사비 증액(5억 3천만 원)을 실정보고하여 반영함_하남선 복선전철 4공구",하남선 복선전철 4공구,Risk_148,"굴착 중 예상치 못한 폐기물성 특수 토사가 출현하자, 당초 지정되었던 사토장에서 반입을 전면 거부하여 사토 처리가 중단되고 터널 굴착 공정이 마비됨",,,,Strategy
Strat_149,"선진수평보링 및 물리탐사(TSP 등)를 상시 수행하여 전방 지질을 예측하고, 공동이나 파쇄대 조우 시 훠폴링, 대구경 강관다단그라우팅 등 선행 보강공법을 즉각 시공하여 안정성을 확보함_일반 / 공통 (중봉터널 L/L)",일반 / 공통 (중봉터널 L/L),Risk_149,"적절한 보강 없이 막장면이 개방될 경우 막장 자립이 불가능해져 대규모 토석이 쏟아지고, 지보재가 파괴되며 터널 천단부가 완전히 붕괴되는 대형 재해가 발생함",,,,Strategy
Strat_150,"터널 인접 하천 및 지하수위를 고려한 갱내 차수 그라우팅 적용 구간을 선제적으로 선정하고, 용수 과다 유입에 대비한 대용량 배수펌프 및 오폐수처리시설 증설 부지를 사전 확보함_일반 / 공통 (중봉터널 L/L)",일반 / 공통 (중봉터널 L/L),Risk_150,"돌발 용수로 인해 숏크리트 등 터널 보강공의 시공성이 극도로 저하되고 막장면이 슬라이딩되며, 기존 오폐수처리시설 및 배수 펌프의 용량을 초과하여 터널 수몰 및 하천 오염 사고가 유발됨",배수펌프,,,Strategy
Strat_151,"막장 관찰 및 암판정을 통해 지질 상태가 불량함이 확인되면, 굴진을 중지하고 상하반 분할 굴착, 강지보 추가, 인버트 조기 폐합 등 지질조건에 맞는 적정 지보/굴착 공법으로 즉시 재설계함_일반 / 공통 (중봉터널 L/L)",일반 / 공통 (중봉터널 L/L),Risk_151,"일반적인 암반 지보패턴을 토사/연약 지층에 무리하게 적용할 경우 지내력 부족과 편토압이 발생하여, 터널 내공 변위(수축)가 허용치를 초과하고 종국에는 터널 붕괴로 이어짐",,,,Strategy
Strat_152,여굴 최소화를 위한 발파 패턴 조정 및 초과 투입 자재량에 대한 실정보고/도급 정산 추진_새만금전주 6공구,새만금전주 6공구,Risk_152,과굴착 공간 채움을 위한 실제 투입량이 설계 대비 최대 133% 폭증하여 현장 실행 원가 심각한 악화,,,,Strategy
Strat_153,"용수 구간 배합설계 재검토, 부착력이 우수한 분말형 또는 고성능 알칼리프리 급결제로 변경 시공_중봉터널 / 공통",중봉터널 / 공통,Risk_153,"숏크리트가 벽면에서 흘러내리거나 대량 탈락 발생, 과다 투입 시 장기 강도 저하 및 균열 유발",,,,Strategy
Strat_154,막장 자립 및 지반 이완 방지를 위해 굴착 즉시 Face Shotcrete 타설하도록 지보 패턴 강제 변경 및 실정보고_김포도시철도 3공구,김포도시철도 3공구,Risk_154,굴착 직후 노출된 막장의 이완으로 전면부 슬라이딩 발생 및 지보재 연동 변형으로 인한 대형 붕락 위험,,,,Strategy
Strat_155,리바운드재가 암버력과 섞이기 전 분리 수거하여 폐기물로 지정하고 발생 수량을 산출하여 도급 정산 실시_오남수동도로,오남수동도로,Risk_155,"숏크리트 잔재물이 버력과 섞일 경우 일반 성토재 유용 불가, 이를 위탁 처리하는 막대한 비용 시공사 부담",,,,Strategy
Strat_156,습식 숏크리트 적용을 원칙화하고 이동식 집진기 및 살수분무장치를 막장 근접부에 추가 설치하여 분진 강제 저감_새만금전주 6공구,새만금전주 6공구,Risk_156,막장 내 고농도 분진으로 시야가 차단되어 장비 충돌 사고 유발 및 근로자의 진폐증 등 직업병 노출,,,,Strategy
Strat_157,이완 발생 즉시 굴착면에 숏크리트 밀폐 타설(Sealing)을 선행하여 지반을 안정화시키고 추가 비용 실정보고_신림선 경전철 2공구,신림선 경전철 2공구,Risk_157,"지반 탈락으로 강관 지지력 상실 및 막장 붕락 위험 고조, 이를 메우기 위한 대규모 숏크리트 긴급 타설 비용 발생",,,,Strategy
Strat_158,일반 시트방수를 취소하고 굴곡진 면과 완벽히 일체화되는 자착식(접착식) 방수시트 또는 도막방수로 공법 변경_인천공항철도 서울역,인천공항철도 서울역,Risk_158,"요철 부위에 시트 밀착이 불가하여 방수층이 들뜨고, 라이닝 타설 시 시트 파손 및 지하수 대량 유입 하자 발생",,,,Strategy
Strat_159,정밀 3D 선형에 맞춰 타설 하중을 견딜 수 있는 형상유지 가설 지지대를 제작/설치하고 누락 비용 실정보고 추진_평창슬라이딩센터,평창슬라이딩센터,Risk_159,지지대 없이 타설 시 형상이 무너지고 대량의 리바운드 발생으로 정밀 선형 확보 불가 및 재시공 비용 폭증,,,,Strategy
Strat_160,고압 살수 및 브레이커를 이용해 풍화암/이물질을 완벽히 제거(치핑)하여 부착 강도를 확보하고 실정보고 추진_평화의댐 치수능력증대,평화의댐 치수능력증대,Risk_160,"사면의 뜬돌, 이물질로 인해 숏크리트가 부착되지 않고 박리 현상 발생하여 지보력 상실, 치핑비 시공사 과다 투입",,,,Strategy
Strat_161,"즉각 굴진 중단 후 선진 천공으로 지층 재확인, 지보 패턴 상향(숏크리트 두께 및 강지보 상향) 실시_김포도시철도 3공구",김포도시철도 3공구,Risk_161,"지반 이완으로 숏크리트 심각한 인장 균열 및 강지보 좌굴 변형 발생, 막장 붕락 위험 초래",,,,Strategy
Strat_162,현장 B/P 운영의 불가피성을 발주처에 소명하고 B/P 설치/해체비 및 운영 가설비를 실정보고 추진_중봉터널 L/L / 공통,중봉터널 L/L / 공통,Risk_162,B/P 전담 인력 및 장비 대여료가 시공사 단가에 미반영되어 장기간 굴착 중 막대한 원가 누수 발생,,,발주처,Strategy
Strat_163,요철보정층을 수치 고정이 아닌 '방수시트 보호를 위한 곡률 만족' 기준으로 합의하고 실측 정산 추진_중봉터널 L/L / 공통,중봉터널 L/L / 공통,Risk_163,감리가 도면 수치를 근거로 깊은 여굴까지 채움을 강제할 경우 불필요한 숏크리트 낭비 및 공기 지연 폭증,,기준,,Strategy
Strat_164,숏크리트 타설 전 용출 점에 유공관 및 부직포를 선시공하여 배수를 유도하고 나공홀을 밀실하게 충진_설계시공 하자 L/L,설계시공 하자 L/L,Risk_164,숏크리트 배면에 갇힌 지하수압으로 인해 콘크리트 층이 파열/균열되고 터널 내부로 대량의 누수/백태 발생,,,,Strategy
Strat_165,시공 전 3D 전개도를 작성하여 확폭부의 실제 겉면적을 재산출하고 누락 물량에 대해 실정보고 추진_부산외곽순환고속 9공구,부산외곽순환고속 9공구,Risk_165,시공 난이도가 높은 확폭부 숏크리트 및 방수시트 비용을 시공사가 고스란히 부담하여 실행 적자 유발,,,,Strategy
Strat_166,3D 스캐닝 등 실측 자료를 바탕으로 추가 수량을 산출하고 지보패턴 상향에 따른 여굴 정산 실정보고 추진_파주포천도로 2공구,파주포천도로 2공구,Risk_166,설계 단면 초과 여굴 공간(Void)을 모두 숏크리트로 채워야 함에 따라 자재/타설 수량 급증 및 협력사 손실 발생,,,,Strategy
Strat_167,굴진 즉시 중지 후 지보패턴을 분할 굴착 및 숏크리트 증두께 방식으로 변경 적용하고 설계 변경 실시_서울지하철 923공구,서울지하철 923공구,Risk_167,"기존 지보재만으로는 막장 자립 및 천단 지지가 불가능해 대규모 붕괴 위험 발생, 강화된 지보체 긴급 투입 필요",,,,Strategy
Strat_168,철저한 암판정으로 지질 상태를 입증하고 지보패턴을 상하반 분할 타설 방식으로 변경하여 안정성 확보/정산_도담-영천전철 6공구,도담-영천전철 6공구,Risk_168,붕괴 위험으로 상/하반 분할 굴착으로 강제 전환됨에 따라 숏크리트 타설 횟수 증가 및 사이클 타임 지연,,,,Strategy
Strat_169,도면 기준 배수 자재 수량을 정밀 재산출하여 실정보고 추진 및 밀실한 유도 배수 체계 확보_김포도시철도 3공구,김포도시철도 3공구,Risk_169,내역 부족을 이유로 배수재 미시공 시 숏크리트 뒷면에 수압이 발생해 구조물 균열 및 심각한 누수 하자 유발,,기준,,Strategy
Strat_170,도면 기준 락볼트/강관 수량을 재산출해 실정보고를 통해 도급 증액을 추진하고 정량 시공으로 터널 안정성 확보_서울지하철 923공구,서울지하철 923공구,Risk_170,"내역 수량에 맞춰 부족하게 시공할 경우 숏크리트 단독 하중 지지로 붕괴 위험 고조, 정량 시공 시 시공사 막대한 비용 독박",,기준,,Strategy
Strat_171,실제 기상 데이터를 근거로 한중 숏크리트 보온양생 시행 승인을 득하고 열풍기/천막 등 보온 비용 실정보고_고덕산단폐수처리장 / 시흥 하수,고덕산단폐수처리장 / 시흥 하수,Risk_171,"보온 없이 타설 시 초기 동해로 숏크리트 강도 미달 및 박락 발생, 보온/열풍기 가동 시 시공사 추가 원가 부담 폭증",,,,Strategy
Strat_172,표면 품질 확보를 위해 거푸집 탈형 후 전면적인 샌드 그라인딩 연마 작업을 실시하고 추가 인건비 실정보고_파주포천도로 2공구,파주포천도로 2공구,Risk_172,라이닝 표면에 다수의 물곰보(재료분리)와 요철 발생 시 터널 미관 및 내구성 훼손으로 준공 검사 승인 거부 위험,,,,Strategy
Strat_173,시공상세도와 구조계산서 대조 검토 및 천공 깊이에 대한 전수 검측을 통해 도면 명시 깊이 100% 준수 통제_일반 / 공통 (하자 L/L),일반 / 공통 (하자 L/L),Risk_173,락볼트가 지반 하중을 지지하지 못하고 하중 작용 시 얕게 박힌 볼트가 지반과 함께 통째로 탈락하는 하자 발생,,,,Strategy
Strat_174,비관통 고정 방식 적용 또는 앵커 주변 코킹/씰링 보강 후 보호 무근 타설_일반 / 공통,일반 / 공통,Risk_174,"볼트 틈새 우수 침투로 방수층 열화 및 하부 누수 발생, 앵커 부익 파단",,,,Strategy
Strat_175,용수 구간 수압 팽창 원리로 암반에 밀착되는 팽창형 록볼트(Swellex 등)로 즉각 변경 시공하여 지지력 확보_일반 / 공통 (지하수 구간 리스크),일반 / 공통 (지하수 구간 리스크),Risk_175,인발 지지력이 상실되어 볼트가 허공에 매달리고 터널 천단부가 붕괴될 위험 고조 및 시험 불합격 사태 속출,,,,Strategy
Strat_176,"용수 구간 정착장 길이 연장 및 그라우팅 압력 증대, 장기 거동을 고려한 보강 설계 적용_안동댐 비상여수로 현장",안동댐 비상여수로 현장,Risk_176,마찰력 부족으로 락볼트 긴장이 서서히 풀리는 크리프(Creep) 발생 및 지보재 이탈/붕괴 유발,,,,Strategy
Strat_177,퇴적층 구간 버팀보 공법으로 변경하거나 정착장이 견고한 암반층까지 도달하도록 심도 연장 설계 재수행_서남물재생센터 현장,서남물재생센터 현장,Risk_177,설계 인발 저항력 미달로 앵커가 뽑혀 나오며 가시설 측방 변위 발생 및 공법 전면 변경 사태 유발,,,,Strategy
Strat_178,지반조사 결과 기반 구조 재검토를 통해 안정성을 확보하고 지질 조건 상이에 따른 물량 증가분을 실정보고 반영_새만금전주 6공구,새만금전주 6공구,Risk_178,지지력 확보를 위해 락볼트 자유장을 당초 5m에서 12m로 대폭 증가함에 따라 자재/천공비 기하급수적 폭증(실행 적자),,,,Strategy
Strat_179,체결 방식 변경 시 공인 구조 검토 및 현장 인발 테스트를 의무화하고 감리단 서면 승인 후 시공하도록 관리 강화_상주-영천고속 10공구,상주-영천고속 10공구,Risk_179,구조 변경에 대한 기술사 검토(인발/전단력) 누락으로 지지력 부족 사태 발생 및 외부 하중 시 구조물 전도 사고,,,감리단,Strategy
Strat_180,정착 심도를 단단한 암반층까지 연장하거나 앵커 대신 버팀보 등 타 지보 공법으로 전면 재설계하여 안정성 확보_서남위생처리현대화 현장,서남위생처리현대화 현장,Risk_180,그라우트 유실 및 정착 불량으로 설계 인발력이 미달되며 지보재가 지중에서 뽑혀 나와 가시설 변위/붕괴 위험 발생,,,,Strategy
Strat_181,굴착 즉시 막장면에 숏크리트(Face Shotcrete)를 뿜어붙여 굴착면을 신속히 밀폐(Sealing)함으로써 복합 지지력 확보_김포도시철도 3공구,김포도시철도 3공구,Risk_181,락볼트 마찰력만으로는 막장 자립이 불가능해 막장면이 전면 슬라이딩되는 붕락 사고 위험 및 공기 지연,,,,Strategy
Strat_182,철근 자중을 지지하도록 처짐 방지용 앵커 설치 간격을 좁히고 수량을 대폭 추가하여 안정성 확보 후 실정보고 추진_삼성-동탄광역급행철도 2공구,삼성-동탄광역급행철도 2공구,Risk_182,설계 수량대로 시공 시 중량의 철근망이 하중을 견디지 못하고 처지거나 콘크리트 타설 시 철근망 전체 붕괴 위험,,,,Strategy
Strat_183,방수층 보호를 위해 록볼트가 완전히 덮이도록 설계 두께를 상향하고 설계 오류에 따른 추가 비용 실정보고_안성-구리고속 11공구,안성-구리고속 11공구,Risk_183,"록볼트 끝단 노출로 후속 방수시트가 찢어지는 훼손 발생, 이를 가리기 위한 기하급수적 숏크리트 추가 자재비 발생",,,,Strategy
Strat_184,지반 시추 데이터를 근거로 락볼트 대신 깊은 정착장을 확보할 수 있는 어스앵커 공법으로 변경하여 터널 안정성 확보_서울지하철 923공구,서울지하철 923공구,Risk_184,기존 락볼트로는 암반 정착장 형성이 불가능해 지보력이 상실되며 장공의 어스앵커로 교체함에 따른 공기 지연 및 원가 폭증,,,,Strategy
Strat_185,시공 전 도면 기준 락볼트 수량 정밀 재산출 및 실정보고를 통한 내역 증액 후 정량 시공으로 안정성 확보_서울지하철 923공구,서울지하철 923공구,Risk_185,"내역에 맞춰 부족하게 시공 시 터널 이완 하중 지지력 부족으로 붕괴 위험, 도면대로 시공 시 시공사 자재비 손해",,기준,,Strategy
Strat_186,암판정 기반 사면안정해석 재수행 후 락볼트 및 숏크리트 보강으로 설계변경 실시하여 구조적 안정성 확보_오남수동도로,오남수동도로,Risk_186,"설계대로 무보강 시공 시 사면 대규모 슬라이딩 및 구조물 훼손 위험, 긴급 보강에 따른 공기 지연 및 원가 상승",,,,Strategy
Strat_187,물림 길이를 고려해 규격 수정 발주하고 스티프너 자재비를 실정보고 반영_서남위생현대화,서남위생현대화,Risk_187,강연선 길이가 짧아 긴장 자체가 불가능해지며 띠장이 찌그러져 붕괴 위험,,,,Strategy
Strat_188,굴착 보류 후 사면안정성 재검토를 거쳐 앵커 추가 설치 실정보고 승인_서울지하철 923공구,서울지하철 923공구,Risk_188,무보강 시 사면 대규모 활동(붕괴) 위험으로 대량의 어스앵커 긴급 투입,,,,Strategy
Strat_189,• 이격 시추 구간 TSP/GPR 탐사 빈도 2배 강화. • 인발테스트 미달 시 즉각 강관다단그라우팅(대구경)으로 공법 선제 전환._김포도시철도 3공구,김포도시철도 3공구,Risk_189,• 막장면 자립 붕괴 및 지표면 함몰 재난 발생. • 지보패턴 상향(PD-4→5) 및 막장 숏크리트 긴급 타설로 23.6억 원가 폭증.,,,,Strategy
Strat_190,"즉각 굴착 중지 및 강지보재 긴급 덧대기 보강, 지표 구조물 보수 및 특수 정밀안정성 검토 수행_서해선 복선전철 5공구",서해선 복선전철 5공구,Risk_190,지보재 지지력 부족으로 터널 천단부 붕괴 고조 및 지표침하(54mm) 발생으로 상부 도로/맨홀 파손,,,,Strategy
Strat_191,기술지원을 통해 차수 그라우팅 및 강지보재 긴급 덧대기 보강을 실시하여 지보 시스템 복원 및 안정성 확보_삼성-동탄 GTX 2공구,삼성-동탄 GTX 2공구,Risk_191,지보재가 하중을 견디지 못하고 구조적 일체성이 상실되며 내측으로 급격히 변형(단면 축소) 및 붕괴 위기,,,,Strategy
Strat_192,연약 바닥면을 과굴착한 뒤 빈배합 콘크리트로 치환 보강하여 강지보 하부 지지력을 확보하고 실정보고 추진_동대구-영천전철 4공구,동대구-영천전철 4공구,Risk_192,강지보 기초(Footing) 지지력 부족으로 지보재가 땅속으로 침하되며 터널 자립 실패 및 과굴착 보강비 폭증,,,,Strategy
Strat_193,"변위 수렴 미달 구간 굴착 중지 및 추가 강지보/인버트 조기 폐합 실시, 여유폭 없는 구간은 재굴착 복구공사 시행_현장 공통 리스크",현장 공통 리스크,Risk_193,강지보가 시설한계를 침범하여 라이닝 타설 시 필수 두께가 미달되거나 지보재를 뜯어내고 재시공하는 손실 발생,,,,Strategy
Strat_194,암판정 위원회 증빙 자료를 바탕으로 지보패턴 상향 실정보고 완수 및 발주처 설계변경(도급 증액) 확보_새만금전주 5공구,새만금전주 5공구,Risk_194,"양호한 암반용 패턴 적용 불가로 강지보재가 촘촘한 하위 패턴(Type IV, V) 대거 적용에 따른 자재비 폭증/적자",,,발주처,Strategy
Strat_195,외부 전문기관 검증을 통해 전 구간 지보패턴 상향 보완설계를 수행하여 발주처 설득 및 총사업비 증액 확보_도담-영천전철 3공구,도담-영천전철 3공구,Risk_195,취약 지반을 무보강 상태로 방치하거나 낮은 패턴을 고집하다 대규모 붕락 사고로 공사 중단 및 천문학적 복구비 발생,,,발주처,Strategy
Strat_196,지보패턴 변경 이력을 투명하게 매일 서면 공유하고 실제 시공 물량에 기초한 기성 정산 체계를 구축해 공정 추진_삼성-동탄 GTX 2공구,삼성-동탄 GTX 2공구,Risk_196,변경에 의한 강지보재/천공 물량 증감에 대해 하도급 정산 및 합의 지연으로 협력사 자금난 및 공정 중단 분쟁,,,,Strategy
Strat_197,진동 초과 및 지질 상이성을 계측 데이터로 입증하고 무진동 공법으로의 설계변경을 발주처로부터 승인받음_서울지하철 923공구,서울지하철 923공구,Risk_197,기존 발파 고수 시 민원/건물 훼손 위험으로 전 구간 '무진동 굴착' 전면 변경에 따른 공사비 폭증 및 굴진 효율 급감,,,발주처,Strategy
Strat_198,정밀 사면안정성 검토를 거쳐 Soil Nailing 및 숏크리트 등 영구 지보 패턴을 추가 반영하는 실정보고 추진 및 안정화_부산외곽순환고속 9공구,부산외곽순환고속 9공구,Risk_198,계획된 사면 경사로는 상부 토사/풍화암의 슬라이딩을 방어할 수 없어 대규모 사면 붕괴 위험 및 복구비 투입,,,,Strategy
Strat_199,매 발파 시마다 암판정 결과를 객관적으로 증빙하여 불가항력적 효율 저하임을 소명하고 공기 연장 및 간접비 실정보고_새만금전주 5공구,새만금전주 5공구,Risk_199,발파 효율 저하로 일일 물량이 설계의 반토막으로 급감하고 총 526일의 공기 지연 및 장비·인원 대기료 폭증,,,,Strategy
Strat_200,매 막장 객관적 암판정 결과를 바탕으로 지보패턴 변경을 신속 확정하고 불가항력적 지연에 대한 실정보고 강력 추진_오남수동도로,오남수동도로,Risk_200,지보패턴 확정을 위한 작업 대기 시간과 발파 시간 제한 조건이 맞물려 계획 대비 터널 굴착 공기가 심각하게 초과됨,,,,Strategy
Strat_201,즉각 굴진 중지 및 취약 구간 지보패턴을 분할 굴착 및 지보재 증두께 패턴(PS-2B)으로 대폭 상향 변경해 안정성 확보_서울지하철 923공구,서울지하철 923공구,Risk_201,실제 굴착 시 고압 지하수가 유출되고 연약대가 출현하여 기존 지보만으로는 막장 자립 및 천단부 지지 불가(붕락 위험),,,,Strategy
Strat_202,연약 바닥면을 선제적으로 과굴착 후 빈배합 콘크리트로 치환하여 강지보 기초 지지력을 확보한 후 실정보고 완료_동대구-영천전철,동대구-영천전철,Risk_202,바닥 기초 지내력 부족으로 강지보 하부가 지반 속으로 침하되며 천단부가 연동해 주저앉는(내측 수렴) 위험 및 보강비 발생,,,,Strategy
Strat_203,객관적 암판정 결과를 바탕으로 지보패턴 상향을 보고하고 불가항력적 효율 저하 및 지보재 증가분에 대한 설계변경 추진_새만금전주 5공구,새만금전주 5공구,Risk_203,양호용 패턴 적용 불가로 시공이 느린 강지보 밀집 패턴 적용에 따라 굴착 효율이 반토막나고 526일의 공기 지연 발생,,,,Strategy
Strat_204,지체 없이 중지하고 막장 자립성 확보를 위해 상하반 분할 굴착(Bench Cut) 방식의 상위 패턴으로 즉각 설계변경 시행_도담-영천전철 6공구,도담-영천전철 6공구,Risk_204,실제 굴착 시 막장면 자립성이 없는 불량 단층대 출현으로 전단면 굴착 강행 시 막장 전면 및 천단부 붕락 위험 고조,,,,Strategy
Strat_205,• 굴진 전 30~50m 전방 암질 파악용 TSP 탐사 용역을 선행하여 패턴 변경 조기 확정. • 분할 굴착에 최적화된 소형 장비 조합 및 교대 굴착 계획 수립._도담-영천 6,도담-영천 6,Risk_205,• 상하반 분할 굴착(PD-4) 전환으로 작업 사이클 2배 증가 및 속도 저하. • 가인버트 시공 및 숏크리트 물량 증가로 1.04억 원의 추가 공사비 발생.,,,,Strategy
Strat_206,현장 암석시험 결과를 증빙해 암 매각 계획을 전면 취소하고 사토 처리 및 지보 패턴 상향에 대한 설계변경(도급 증액) 추진_서울지하철 923공구,서울지하철 923공구,Risk_206,암질 불량으로 지보 패턴이 강화(자재비 증가)될 뿐 아니라 매각 수익 대신 거액의 외부 사토 처리비가 발생해 실행 파탄,,,,Strategy
Strat_207,공간 확보 및 정상 지보 설치 사이클 준수를 위해 굴착 공법을 '롱벤치 공법'으로 변경하고 현실적인 공정표로 재수립_김포도시철도 3공구,김포도시철도 3공구,Risk_207,실제로는 협소한 공간으로 로더 작업 불가 및 상/하반 지보 설치 시간이 각각 요구되어 계획된 공기 달성이 원천 불가함,,,,Strategy
Strat_208,현장 시험 시공을 통해 필수 양생기간을 단축(24h -> 10h)하여 대기시간을 최소화하고 공기지연 손실 보전 추진_새만금전주 6공구,새만금전주 6공구,Risk_208,긴 양생시간으로 터널 굴착 1사이클 타임이 늦어져 수백 일의 공기 지연과 장비/인원 유휴 유휴비용 폭증 및 실행 적자,,,,Strategy
Strat_209,법률 질의/자문을 통해 장비 변경이 설계서 오류 정정임을 입증하고 특수 장비 대기료 및 단가에 대한 설계변경 승인 추진_광명전력구,광명전력구,Risk_209,정밀 수직도를 위해 특수 장비로 변경이 필요하나 발주처가 단가 증액을 거부하여 공사 마산 및 공기 지연 초래,,,,Strategy
Strat_210,지질 전문가를 동원해 단층대 현장 지반 취약성을 수치 입증하고 지보력 확보를 위한 보강의 당위성을 소명하여 감액을 방어_도담-영천전철 3공구,도담-영천전철 3공구,Risk_210,"물량 삭감 위기로 수백억 원의 도급 금액이 증발하거나, 과다 삭감 시 선단 보강 효과 상실로 막장면 전면 붕괴(밀림) 위험 가중",,,,Strategy
Strat_211,매 막장 암판정 결과를 서면 보고하고 실제 시공 수량을 시험 기록과 연동하여 일일 정산 근거 확보 및 실정보고_인천검단지구(3-1) 터널,인천검단지구(3-1) 터널,Risk_211,현장 여건에 맞춰 시공했음에도 정산이 지연될 경우 시공사가 자재비 및 장비 대기료를 전액 부담하여 원가 악화,,,,Strategy
Strat_212,자동 기록 장치를 통한 실시간 주입압/주입량 모니터링_서울지하철 923공구,서울지하철 923공구,Risk_212,터널 굴착 시 측벽 붕락 및 지표면 침하로 인한 인근 구조물 피해,,,,Strategy
Strat_213,천공 가이드 제작 및 레이저 레벨기를 이용한 입회 검측_부산외곽순환고속 9공구,부산외곽순환고속 9공구,Risk_213,강관이 하중을 지지하지 못하고 외곽으로 이탈하여 지층 붕괴 유발,,,,Strategy
Strat_214,막장 전면 그라우팅 및 미러볼트 보강공법 의무화_별내선,별내선,Risk_214,막장면 전면 붕괴(Sliding)에 따른 장비 매몰 및 인명 사고,,,,Strategy
Strat_215,정착장 구간 확인 및 주입 완료 후 인장 시험 시행_호남KTX,호남KTX,Risk_215,하중 지지 성능 미발현으로 터널 상부 지반 낙반 및 침하 발생,,,,Strategy
Strat_216,"변위 지속 구간 즉각 굴착 중단 후 인버트 조기 폐합으로 완전한 링(Ring) 구조 완성 및 변위 구간 재굴착 복구_도담-영천전철 3,6공구","도담-영천전철 3,6공구",Risk_216,지반 거동(Creep)에 의해 상부 지보재가 토압을 못 이기고 내공 변위가 허용치를 초과하여 터널 찌그러짐 및 붕락,,,,Strategy
Strat_217,막장 암판정으로 지보패턴 하향 조정 및 연약화된 바닥을 과굴착한 후 빈배합 콘크리트로 치환 보강하여 지지력 확보_동대구-영천 4공구,동대구-영천 4공구,Risk_217,침수/대기 노출로 바닥 지반이 연약화(Slaking)되어 지보재 하중 지지력이 부족해지고 강지보가 파묻히며 터널 붕괴 위험 팽배,,,,Strategy
Strat_218,부력 안정성 검토 재수행 후 부족한 안전율 확보를 위해 하부 구조물 상부에 중량물(콘크리트 슬라브 등) 추가 타설로 안정성 확보_부산외곽순환고속 9공구,부산외곽순환고속 9공구,Risk_218,지하수위 상승 시 작용하는 부력이 자중을 초과하여 구조물이 솟아오르거나 인버트 콘크리트가 파손되는 치명적 결함 유발,,,,Strategy
Strat_219,누락된 요철보정층 콘크리트 수량을 재산출해 실정보고로 도급 정산하고 바닥을 평탄 보정 후 본 구조물을 타설해 두께 확보_부산외곽순환고속 9공구,부산외곽순환고속 9공구,Risk_219,심한 요철 위 얇은 콘크리트 타설 시 국부적 두께 미달 및 지지력 불균일로 상부 토압/진동 시 구조적 종방향 균열 발생,,,,Strategy
Strat_220,침하 징후 즉각 성토 중단 및 하중 절감 후 구조물 기초를 관통하여 암반까지 관관입되는 마이크로파일 긴급 시공 보강_적금-영남 연육교,적금-영남 연육교,Risk_220,상부 토압 작용 시 기초 지반이 하중을 견디지 못하고 부등 침하를 일으키며 구조물이 한쪽으로 기울거나 벽체에 치명적 균열/붕괴 위기,,,,Strategy
Strat_221,발파 패턴 최적화로 여굴 최소화 및 불가피한 여굴 채움 비용에 대해 실정보고 합리적 반영으로 품질 저하 예방_오남수동도로,오남수동도로,Risk_221,비용 보전을 못 받은 시공사가 원가 절감을 위해 바닥 청소(버력/슬러지 제거)를 소홀히 한 채 타설하여 기초 부실 유발,,,,Strategy
Strat_222,포장 상세도를 기준으로 누락된 버력 처리 및 요철보정층(T=10cm 등) 수량 재산출 증액 및 암반 돌출부 면정리 철저 확보_포승-평택철도 1공구,포승-평택철도 1공구,Risk_222,암반 돌출부와 잔재를 제거하지 않고 타설 시 구조물과 암반 사이 활동면 형성 및 요철부 응력 집중으로 인버트 관통 균열 발생,,기준,,Strategy
Strat_223,수화열 해석을 수행해 적정 분할 타설 계획 수립 및 누락된 신축이음 자재와 유도배수 캡을 실정보고로 추가 반영_GTX-A 6공구,GTX-A 6공구,Risk_223,신축이음 없이 연속 타설 시 내부 온도 응력으로 심각한 관통 균열이 발생하며 이를 통해 고압 지하수가 내부로 뿜어져 나옴,,,,Strategy
Strat_224,연약 지반을 깊게 재굴착한 후 대형 '사석치환공법'으로 변경 및 층다짐 실시하여 열차 하중에 견디는 강건한 기초 지내력 확보_포승-평택철도 1공구,포승-평택철도 1공구,Risk_224,"실제 터파기 후 PBT 결과 지지력 턱없이 부족함 확인, 미보강 시 시공 후 열차 동하중 누적 침하로 궤도 뒤틀림 및 탈선 위험",,,,Strategy
Strat_225,"폐쇄 타설 전 이물질 전면 제거 및 치핑, 팽창성 지수재 설치 및 무수축 그라우팅 꼼꼼히 주입해 누수 경로 영구 차단 반영_평화의 댐",평화의 댐,Risk_225,가배수관과 본 본체 인버트 사이 시공이음부(Cold Joint)가 부실 폐합되어 해당 틈새가 수맥이 되어 지하수가 내부로 역류,,,,Strategy
Strat_226,락볼트 두부 캡 전수 시공 및 유도배관 최적화_파주-포천,파주-포천,Risk_226,빙편(Icing) 발생으로 인한 라이닝 박락 및 차량 안전 위협,,,,Strategy
Strat_227,타설 직전 시트 전수 육안/기압 점검 및 패치 보수_동해선 10공구,동해선 10공구,Risk_227,지하수 유입에 따른 철근 부식 가속화 및 구조체 내구성 저하,,,,Strategy
Strat_228,이음 방향을 물 흐름에 맞게 변경하고 시공 면 평탄화 확인 후 융착 온도 및 시공 관리 대폭 강화 추진_삼성-동탄 2공구 등,삼성-동탄 2공구 등,Risk_228,수압을 견디지 못한 접합부가 뜯어지며 배면 고압 지하수가 내부로 유입되어 고드름 발생 및 시설물 침수,,,,Strategy
Strat_229,"시트 표면 보호 패드 설치 및 철근 캡 씌우기, 불꽃 비산 방지포 설치 등 보호 대책 적용 및 타설 전 핀홀 전수 검사_일반 / 공통",일반 / 공통,Risk_229,미세 핀홀(Pinhole)이나 찢김을 복구하지 않고 타설 시 배면 수압에 의해 국부 지점으로 지하수가 집중 유입 및 누수,,,,Strategy
Strat_230,폼 이동 전 공종별 최종 매설물 위치 확인서 날인_포천-양수,포천-양수,Risk_230,주철근 절단 및 방수층 훼손으로 인한 구조 결함 및 누수 발생,,,,Strategy
Strat_231,지수판 위치를 전용 철근 지그로 견고히 고정해 변형을 막고 주변을 소형 진동기로 정밀 다짐하여 밀실 타설 관리_한탄강댐/철도 공통,한탄강댐/철도 공통,Risk_231,"지수판 전도 및 주변 곰보(Honeycomb) 발생으로 차수 기능 상실, 이음부 틈새로 다량의 지하수 유입 및 내부 침수",,,,Strategy
Strat_232,접속부 누수 차단 및 수압 저감을 위해 유도배수용 동판/배수관 수량을 실정보고로 추가 반영하여 배면 수압 배제_인천공항철도연계/923공구,인천공항철도연계/923공구,Risk_232,유도배수 없이 방수층을 밀폐 시 배면 고압 지하수압에 의해 시트가 부풀어 오르거나(Blistering) 터널 내로 다량 유입됨,,,,Strategy
Strat_233,지하수/토양 성분 정밀 분석 후 부식 환경 구간은 내산성 세라믹 코팅 방수 등으로 전면 설계 변경하여 재시공 추진_서남물재생센터 현장,서남물재생센터 현장,Risk_233,부식성 물질에 의해 시트 고정 철물(란델)과 이음부가 급격히 열화/부식되어 차수 성능 붕괴 및 콘크리트 내구성 파괴,,,,Strategy
Strat_234,"폼 세팅 전 간섭 여부 철저 확인 및 보호 조치, 타설 전 란델 간격 및 융착 상태 전수 검사 수행_일반 / 공통",일반 / 공통,Risk_234,장비 이동 중 발생한 미세 찢김을 인지 못한 채 타설하거나 타설 측압에 융착부가 터져 대규모 누수 발생,,,,Strategy
Strat_235,접속부 이음부에 유도배수 동판/지수재를 밀실하게 설치하고 배면 복토부의 배수 경사를 충분히 확보하여 시공_울릉도일주2호 등,울릉도일주2호 등,Risk_235,강우 시 복토부 침투 빗물이 배출되지 못하고 시트 말단 배면으로 역류해 터널 내부 전 구간 확산 누수 유발,,,,Strategy
Strat_236,배수관 매설 깊이를 동결심도 이하로 조정하고 노출부에는 전열선(Heat Tracing) 및 단열재 공법을 전면 적용_전주-남원1공구 등,전주-남원1공구 등,Risk_236,동절기 잔류수가 얼어붙어 배관 및 시트 이음부를 파손시키고 해빙기 누수로 노면 결빙(Black Ice) 및 교통사고 유발,,,,Strategy
Strat_237,누락된 신축이음 실런트 및 누수방지캡을 실정보고로 내역 반영하고 하부 트렌치로 물이 빠지게 유도배수 정밀 시공_GTX-A 6공구 등,GTX-A 6공구 등,Risk_237,"건조 수축 시 이음부가 벌어지며 미세 지하수가 유속 유입되어 백태 발생 및 미관 훼손, 유지관리 중대 지적 발생",,,,Strategy
Strat_238,도면과 내역을 일치시켜 유도배수 동판/배관 수량을 조속히 반영하고 접속부 정밀 시공 및 융착 검사 강화_GTX-A 6공구,GTX-A 6공구,Risk_238,좁은 공간 내 숙련도 부족으로 융착 부실 처리 및 지하수 집중 유입으로 접속부 하부 침수 및 시설물 마비,,,,Strategy
Strat_239,결로 및 누수 체수에 대비해 하부 인버트에 집수정 연결 유도 배수 트렌치를 신설하는 설계변경 승인 및 시공_GTX-A 6공구 등,GTX-A 6공구 등,Risk_239,유입 지하수가 배출되지 못하고 완전 방수된 인버트 하부에 갇혀 강력 수압(Uplift) 발생 및 인버트 융기 파손,,,,Strategy
Strat_240,밀착 불가한 곡면부는 핀 고정 방식 시트에서 지반에 직접 달라붙는 '자착식(접착식) 시트 방수'로 전면 교체 시공_인천공항철도연계,인천공항철도연계,Risk_240,"바탕면과 시트 사이 심한 들뜸으로 일체성 상실, 라이닝 타설 압력에 시트가 찢어지거나 대형 누수 통로 형성",,,,Strategy
Strat_241,"시트 표면에 스패터 방지 패드 설치 및 철근 캡 씌우기 시행, 타설 직전 핀홀 전수 검사 및 즉각 열융착 보수_일반 현장 공통",일반 현장 공통,Risk_241,미세 핀홀(Pinhole)이나 찢김을 검수/보수하지 않고 타설 시 배면 수압이 해당 지점으로 집중되어 폭포수 누수 유발,,,,Strategy
Strat_242,시공 후 즉시 충분한 강도의 보호 콘크리트(누름)를 타설 양생하고 중장비 주행 동선을 엄격히 통제하여 훼손 차단_삼성-동탄 2공구 등,삼성-동탄 2공구 등,Risk_242,"보호층 붕괴로 하부 시트가 장비 하중에 직접 찢기거나 짓눌려 손상, 인지 못한 채 매몰 타설되어 바닥 전체 침수",,,,Strategy
Strat_243,고수압 예상 구간 바닥 슬래브 방수를 전면 설계 반영하고 취약 이음부 수팽창 지수재/지수판 이중 보강 대책 수립_구조물 공통(L/L),구조물 공통(L/L),Risk_243,상승 수압이 복잡 형상의 취약 이음부(Joint)로 집중되어 방수층이 파단되고 내부가 폭포수처럼 침수 및 수몰됨,,,,Strategy
Strat_244,외부 노출부 실링은 가급적 비노출 구조로 변경하거나 UV 보호 테이프 부착 등 보호 조치 후 하자보증 관리_적금-영남연육교 등,적금-영남연육교 등,Risk_244,"실링재가 자외선 열화로 조기 경화되어 신축성 상실 및 갈라짐 발생, 강우 시 빗물이 내부로 역류해 확산 누수 유발",,,,Strategy
Strat_245,탈형 직후 발생한 모든 나공홀/볼트 구멍은 지수재(팽창성 마개)와 무수축 모르타르로 완벽 밀폐 충진 관리_터널공사 공통(L/L),터널공사 공통(L/L),Risk_245,배면 수압이 텅 빈 구멍 틈새로 직접 전달되어 주변 콘크리트 균열을 유발하고 해당 구멍을 통해 지하수가 세차게 유입됨,,,,Strategy
Strat_246,우수 침투 예상 모든 관로 인입 경로에 수팽창 지수 링(Ring) 및 탄성 방수 코킹 설계를 추가 반영 및 수밀 테스트_여수산단진입도로 등,여수산단진입도로 등,Risk_246,"일반 모르타르 마감된 배관 틈새로 차량 진동/수축 시 미세 간극 발생, 외부 빗물이 유입되어 철근 부식 및 설비 훼손",,,,Strategy
Strat_247,전용 고정 철물(지그) 사용으로 타설 시 변형을 막고 지수판 주변을 소형 진동기로 집중 정밀 다짐하여 밀실도 100% 확보_한탄강댐(지하 갤러리),한탄강댐(지하 갤러리),Risk_247,"지수판 주변 공극(Honeycomb) 발생으로 차수벽 역할 상실, 수압 시 이음부에서 폭포수 같은 물이 쏟아져 들어와 전면 침수",,,,Strategy
Strat_248,지하수 용출 구간에 맹암거(D250 등)와 PE 배수로를 신설하는 설계변경(집행승인)을 득하여 구조물 품질 확보_김포-관산 도로 등,김포-관산 도로 등,Risk_248,배수 시설 부재로 유입 지하수가 고여 지반이 세굴되거나 지지력을 상실하며 수압에 의해 구조물이 부상할 위험 발생,,,,Strategy
Strat_249,배수관 규격 확대 및 구배(1% 이상) 상향 시공하고 굴곡부 소제구 설치 및 준공 전 관로 CCTV 고압 세척 실시_전주-남원1공구 등,전주-남원1공구 등,Risk_249,이물질(백태 등)이 변곡부에 쌓여 관로가 막히고 역류한 지하수가 터널 바닥으로 넘쳐 동절기 노면 결빙(Black Ice) 유발,,,,Strategy
Strat_250,침수 즉시 대용량 양수기 비상 투입 배수 실시 및 궤도/트로프 구간 뻘 제거 및 고압 물청소 복구 인력 투입_진접선 3공구,진접선 3공구,Risk_250,"유입수가 펌프 용량을 초과해 집수정이 넘치고 지하 승강장 하부, 궤도, 고가 전기/통신실이 전면 침수 및 뻘 퇴적",,,,Strategy
Strat_251,유출량 폭증에 맞춰 터널 오폐수 처리시설 용량 긴급 증설(추가 설치) 및 배수 펌프/주관경을 확대 전면 시공_삼성-동탄 2공구,삼성-동탄 2공구,Risk_251,배수 주관 및 처리시설 용량 초과로 터널 내부 상시 침수 작업 중단 및 미처리 오폐수 방류에 따른 행정처분 위험,,,,Strategy
Strat_252,배출기준 준수를 위해 PH 저감시설 포함 오폐수처리시설을 증설하고 추가 설비비를 실정보고하여 반영_새만금전주 6공구,새만금전주 6공구,Risk_252,고농도 알칼리성 폐수 유입으로 정화 효율 급감 및 기준 초과 방류 시 공사 전면 중지(환경 고발) 위험 직면,,기준,,Strategy
Strat_253,"배수 콘크리트를 배수턱 형태로 구조 변경하고 내부 공간 폭을 1,400mm 이상으로 넓혀 작업성 및 관리 여건 확보_진접선 3공구",진접선 3공구,Risk_253,배수관 내 퇴적물(석회) 발생 시 준설 장비 진입이나 인력 접근이 불가능해져 영구적 폐쇄 및 바닥 침수 하자 유발,,,,Strategy
Strat_254,사선 구간 경사 완화를 위한 엘보우(Elbow) 부속 설치 및 연성 고무 커넥터 삽입으로 누수 및 침하 하자 저감_평택 화양지구 등,평택 화양지구 등,Risk_254,다짐 부족으로 관로가 하중을 견디지 못하고 침하되어 역구배가 형성되고 오수가 고여 악취 및 노반 연약화 초래,,,,Strategy
Strat_255,CCTV 촬영으로 폐색 구간 정밀 탐지 후 특수 장비/인력을 투입해 굳은 몰탈 파쇄/제거하여 통수 단면 확보_부산명지 등,부산명지 등,Risk_255,유입된 페이스트가 배수관 내에서 굳어 통수 단면이 폐쇄되며 준공 전 몰탈 깨기 등 막대한 재시공 보수비 발생,,,,Strategy
Strat_256,지구 외 유입수 처리 방안 전면 재수립 및 기존 연결 흄관 관경을 대폭 상향 조정하고 역류 방지 대책을 추가 시공_양주회천 택지조성 등,양주회천 택지조성 등,Risk_256,폭우 시 외부 우수가 배수관 용량을 초과해 터널 내로 역류하며 지하구조물 및 저지대가 순식간에 수몰되는 수해 유발,,,,Strategy
Strat_257,트렌치 바닥을 깨내어 임의 구배를 형성하거나 불가능한 곳은 사후 상시 인력 펌핑/청소 유지관리 항목으로 전환_시화하수처리장 현장 등,시화하수처리장 현장 등,Risk_257,구배 부족으로 오폐수가 배출되지 못하고 트렌치 내 상시 체수되며 슬러지가 부패해 악취 및 정화 기능 마비 초래,,,,Strategy
Strat_258,파손 구개 전면 재시공 및 중하중용 스틸그레이팅으로 교체하고 얕은 관로 주변 콘크리트 보강(관보호공) 실시_울릉도일주도로 등,울릉도일주도로 등,Risk_258,하중을 견디지 못한 배수로 그레이팅이 파손되거나 매설 관로가 압착/이탈하여 도로 노면이 푹 꺼지는 대형 사고 유발,,,,Strategy
Strat_259,현장 용수 발생 구간 전수 조사 후 누락 내역 실정보고 반영 및 배수 보드를 하부 맹암거까지 밀착 시공_삼성-동탄 2공구 등,삼성-동탄 2공구 등,Risk_259,내역 누락으로 시공을 생략하거나 부실 시공 시 숏크리트와 라이닝 사이 수압이 증가해 균열 및 누수가 확산됨,,,,Strategy
Strat_260,부식성 환경 노출 조건에 맞게 내식성이 우수한 STS316 등으로 변경 적용하고 이음부에 부식 방지 코팅 강화_제주해군기지 등,제주해군기지 등,Risk_260,배관이 급격히 부식되어 구멍이 뚫리거나 파열되며 배수 펌프 기능 마비로 터널 하부가 완전히 침수되는 대형 사고 초래,,,,Strategy
Strat_261,개통 전 집수정 물 채우기 연속 가동 시험을 실시하고 수위 센서 연동 상태를 감리 입회하에 전수 검측 및 보증_서울제물포터널 2공구,서울제물포터널 2공구,Risk_261,폭우 시 펌프 미가동 또는 이물질 막힘으로 집수정이 범람하며 터널 내부가 수몰되어 입행 차량 고립 등 대형 재난 발생,,,,Strategy
Strat_262,기후 동결심도를 반영해 매설 심도를 재조정하고 심도 확보 불가 시 단열재 및 전열선(Heat Tracing) 보강 시공_관로공사 공통(L/L),관로공사 공통(L/L),Risk_262,동절기 혹한 시 관내 잔류수가 얼어 배수관이 파열/폐색되며 역류 지하수가 터널 입구 노면 결빙 사고 유발,,,,Strategy
Strat_263,우기 전 집수정/침사지 뻘을 완벽 준설하고 펌프 여과망 수시 점검 및 환경보건비 활용 직영 복구 인력 투입_진접선 3공구,진접선 3공구,Risk_263,연마성 토사가 배수 펌프 직유입되어 엔진 임펠러/씰을 마모시켜 기기 고장이 발생하고 집중호우 시 터널 수몰 유발,,,,Strategy
Strat_264,오폐수 처리시설 긴급 증설(3개소 추가) 및 탁수 처리 pH 저감 설비를 PC 구조물로 신속 변경 시공해 법적 기준 준수_새만금전주 6공구,새만금전주 6공구,Risk_264,pH 조절 안 된 유해 오염수가 인근 수계로 유출되어 환경 민원 발생 및 지자체의 공사 중지 행정처분 초래,,기준,,Strategy
Strat_265,간섭 구조물 회피를 위한 관로 선형 우회(Detour) 설계변경 및 협소 구간 점검 청소를 위한 추가 소제구/맨홀 신설_포승-평택철도 등,포승-평택철도 등,Risk_265,설비들이 뒤엉켜 정상 조립 및 다짐 시공이 불가능해지며 공용 중 준설기/CCTV 진입 불가로 사후 유지관리 전면 마비,,,,Strategy
Strat_266,연결부 파손 구간 재굴착 후 유연한 고무 커넥터 및 SUS 밴드로 보강하고 사선 부설 구간에 엘보우를 설치해 수밀 확보_평택 화양지구 등,평택 화양지구 등,Risk_266,반복적 진동/수축 시 몰탈 파손으로 관로가 탈락하며 이 틈으로 새어 나온 물이 배면 토사를 쓸어내려 공동(세굴) 유발,,,,Strategy
Strat_267,빈 공극에 무수축 그라우트나 모르타르를 밀실하게 충전해 구조체 일체성을 확보하고 누락 수량을 실정보고해 원가 반영_GTX-A 6공구,GTX-A 6공구,Risk_267,충진 부실 시 지반 하중이 지보재에 불균일하게 전달되어 링빔 좌굴 및 가시설 벽체 변형으로 인한 상부 구조물 붕괴 위험,,,,Strategy
Strat_268,"즉각 굴착 중단 및 구조물 하부 긴급 지반 보강용 강관재 설치와 고압 차수 그라우팅 시공으로 지반 변위 전면 차단_광명,금천 전력구","광명,금천 전력구",Risk_268,토립자 유실로 인한 인접 지하철 구조물 및 상부 지표면 침하/균열 발생으로 막대한 긴급 보강 및 배상 비용 발생,,,,Strategy
Strat_269,검증 필수 공정인 검사공 수압시험 수량을 실정보고로 추가 반영하고 불합격 구간 보완 재주입 및 전용 플러그 마감_한탄강댐 현장,한탄강댐 현장,Risk_269,품질 검증 소홀 시 배면 공동이나 미충진 구간을 인지 못하고 후속 공정 강행하여 공용 중 주입구 부위 대량 역루 누수 유발,,,,Strategy
Strat_270,천단부 주입관 설치 및 무수축 그라우트재 강제 주입 의무화_중봉터널,중봉터널,Risk_270,상부 하중 집중으로 인한 라이닝 균열 및 붕괴 위험,,,,Strategy
Strat_271,자재 검수 강화 및 타설 직전 지수재 부착 상태 전수 점검_도담-영천,도담-영천,Risk_271,이음부 지하수 용출로 인한 전기 설비 부식 및 고드름 발생,,,,Strategy
Strat_272,균열 깊이별 주입 패커 배치 및 저압 지속 주입 공법 적용_서울지하철 923공구,서울지하철 923공구,Risk_272,누수 부위 재누수 발생 및 상부 지반 함몰,,,,Strategy
Strat_273,배수관 주위 가이드망 설치 및 필터재 수동 충진 확인_중봉터널,중봉터널,Risk_273,배수관 막힘 및 배후 수압 발생으로 라이닝 균열 유발,,,,Strategy
Strat_274,설계변경/폼 변경 시 반드시 전문가 구조검토를 실시하고 타설 속도를 엄격히 관리하며 안전관리비를 활용해 기술사 확인_상주-영천 10공구 등,상주-영천 10공구 등,Risk_274,타설 중 거푸집 변형(배부름) 및 전도로 설계 내공 치수 미확보 사태가 발생하며 대규모 치핑 및 재시공 비용 발생,,,,Strategy
Strat_275,타설 전 피복 두께를 전수 검측하고 고압 타설을 견딜 고강도 스페이서를 적정 간격으로 견고히 결속해 피복을 확보_하자 L/L(철콘공사),하자 L/L(철콘공사),Risk_275,피복 두께 기준 미달로 공용 중 라이닝 표면에 균열이 발생하고 철근 조기 부식 팽창으로 인한 콘크리트 박락 사고 유발,,,,Strategy
Strat_276,타 공종과의 샵드로잉 교차 검토로 위치를 확정하고 누락된 Block-out 거푸집 수량을 실정보고해 타설 전 선설치 완료_새만금전주 6공구 등,새만금전주 6공구 등,Risk_276,매설물 누락 상태로 타설 후 사후 설치를 위해 라이닝 구조체를 치핑/코어링하게 되어 철근 절단 및 구조체 영구적 손상 유발,,,,Strategy
Strat_277,거푸집 적정 사용 횟수를 준수하고 고품질 박리제 도포 및 규정 양생 강도 확인 후 탈형하며 필요 시 그라인딩 보수 시행_파주-포천 2공구 등,파주-포천 2공구 등,Risk_277,거푸집과 콘크리트가 부착되어 표면이 뜯겨나가거나 물곰보가 발생하며 이를 위해 샌드 그라인딩 등 추가 비용 대량 투입,,,,Strategy
Strat_278,세팅 전 하부 레벨링(버림/몰탈)을 실시하고 하부에 고무 패킹이나 우레탄 폼을 덧대어 페이스트 유출을 원천 차단_GTX-A 6공구 등,GTX-A 6공구 등,Risk_278,타설 측압에 의해 페이스트가 대량 유출되면서 구조체 하단에 골재만 남는 심각한 곰보(재료분리)와 하중 지지력 상실 유발,,,,Strategy
Strat_279,방수층 방향 돌출 철근에 의무적으로 고무 캡을 설치하고 타설 직전 시트 핀홀 여부를 교차 검측함_공통(하자 L/L),공통(하자 L/L),Risk_279,타설 압력과 진동에 의해 체어바가 밀리며 배면 방수 시트를 찢어 터널 내 영구적 누수 통로를 형성함,,,,Strategy
Strat_280,확폭부 전용 맞춤형 거푸집을 제작하고 타설 전 전문가(기술사) 구조해석을 통해 안정성을 입증 후 시공_서울지하철 923공구 등,서울지하철 923공구 등,Risk_280,비대칭 타설 압력을 견디지 못하고 거푸집이 변형(배부름)되거나 지지력을 상실해 타설 중 폼이 일거에 붕괴됨,,,,Strategy
Strat_281,고소 작업 반경에 전용 작업 비계와 시스템 발판 수량을 실정보고로 반영해 작업 안전과 정밀 검측 시야를 확보_파주-포천 2공구 등,파주-포천 2공구 등,Risk_281,작업자 접근 불능으로 추락 위험이 고조되며 감리단의 천단부 철근/매설물 상태 육안 검측이 불가능해 부실 시공 방치,,,,Strategy
Strat_282,세팅 전 3D 스캐닝으로 내공 치수를 측량하고 건축한계 저촉 우려 구간에는 철판 거푸집 특별 적용 및 면갈이 시행_진접선 3공구 등,진접선 3공구 등,Risk_282,전차선 등 건축한계선을 침범해 제트팬 등 대형 시설물 설치 공간이 부족해지며 열차 충돌 위험으로 라이닝 할석 초래,,,,Strategy
Strat_283,심한 여굴 부위에 요철 보정층을 선타설해 공간을 줄이고 좌우 단차가 1.5m 이내로 유지되도록 동시 타설 계획 통제_상주-영천 10공구 등,상주-영천 10공구 등,Risk_283,유동성 콘크리트가 유발하는 비대칭 편심 측압으로 인해 수십 톤의 Steel Form이 레일을 이탈하거나 통째로 붕괴/전도됨,,,,Strategy
Strat_284,마감 거푸집 상단을 견고히 보강하고 메탈라스 등을 틈새 없이 설치해 페이스트 유출을 원천 차단_평화의댐 치수능력증대 등,평화의댐 치수능력증대 등,Risk_284,타설 중 페이스트가 대량 유출되어 시공이음부(Joint) 결합력이 저하되고 라이닝 하단에 심각한 골재 분리/곰보 발생,,,,Strategy
Strat_285,겹이음 불가 구간을 선별해 기계식 이음(커플러)으로 설계를 변경하고 엇갈림 배근을 정밀 시행_진접선 3공구 등,진접선 3공구 등,Risk_285,기준 이음 길이 미달 시 응력 전달이 차단되어 구조적 균열이 발생하고 무리한 겹침으로 타설 공동(Honeycomb) 유발,,,,Strategy
Strat_286,폼 등 주요 변동 시 전기/궤도 분야와 사전 시뮬레이션을 거쳐 매립 철물 위치를 상세도에 재반영 및 검측 강화_동해선 포항-삼척 10공구,동해선 포항-삼척 10공구,Risk_286,천단부 전차선용 C찬넬이 폼 길이 변경으로 폼 이음 부위에 걸려 오시공되거나 허용오차를 벗어나는 중대 하자 발생,,,,Strategy
Strat_287,1개월 이상 방치 예상 시 용접 보강을 시행하고 타설 직전 고압 살수 및 그라인딩으로 부식 부위를 완벽 복구_충주댐 치수능력증대 등,충주댐 치수능력증대 등,Risk_287,결속선 부식으로 철근망 붕락 위험이 있으며 표면 부식 미제거 시 신구 콘크리트 간 부착력 급감 및 일체성 상실,,,,Strategy
Strat_288,불안정한 목재 지지를 시스템 동바리 및 강재 기초로 설계 변경해 거푸집 변위를 원천 차단_평화의댐 치수능력증대 등,평화의댐 치수능력증대 등,Risk_288,타설 하중과 진동을 이기지 못하고 지지대가 파손되며 폼이 미세 이동해 라이닝 두께 편차가 발생하거나 폼이 전도됨,,,,Strategy
Strat_289,타설 전 구조계산서와 배근도를 크로스 체크해 누락된 전단 철근(스트럽 등)을 긴급 추가 가공 및 배근 시행_적금-영남연육교 등,적금-영남연육교 등,Risk_289,보강 철근 누락 시 공용 중 설비 진동과 하중을 견디지 못하고 라이닝 코핑부에 치명적 전단 균열 및 붕괴 발생,,,,Strategy
Strat_290,슬럼프 로스를 제어할 지연형 유동화제 배합을 적용하고 레미콘 특수 운반 수당을 반영해 적기 수급 보장_파주-포천 2공구 등,파주-포천 2공구 등,Risk_290,슬럼프(Slump)가 급강하해 펌프카 압송 중 배관이 막히고 유동성 부족으로 라이닝 상부 충진 불량 및 콜드 조인트 발생,,,,Strategy
Strat_291,염해 노출 구간 철근을 부사 걱정이 없는 GFRP 보강근으로 변경하고 AE제 등 내구 배합을 전면 적용_새만금전주 6공구 등,새만금전주 6공구 등,Risk_291,염화 이온 침투로 동결 시 표면이 떨어져 나가는 박리(Scaling)가 발생하고 철근 부식 팽창으로 구조물 내구성이 파괴됨,,,,Strategy
Strat_292,특수 배합 적용 시 시험시공(Mock-up)을 거쳐 최적 배합비를 확격하고 임의 변경을 엄격히 금지함_부산지하철반송선 등,부산지하철반송선 등,Risk_292,유동성 밸런스가 파괴되어 재료가 분리되고 표면에 심각한 망상균열이 발생해 구조체 탈락 및 구조 안전성 위협,,,,Strategy
Strat_293,기준 공기량(4~6%)을 엄격히 확보하는 내동해성 배합을 적용하고 타설 후 보온 양생으로 초기 동해를 방지_하자 L/L 공통,하자 L/L 공통,Risk_293,수분 팽창압을 공극이 흡수하지 못해 표면이 비늘처럼 벗겨지는 박리(Scaling)가 광범위하게 발생하고 내구성 파괴,,기준,,Strategy
Strat_294,과밀 구간은 소경 골재 및 고유동 배합으로 변경하고 진동 다짐 간격과 깊이를 엄격히 준수해 밀실 시공_광양시우회도로 등,광양시우회도로 등,Risk_294,골재가 철근망에 걸려 재료 분리가 발생하고 탈형 후 내부가 텅 빈 대형 공동(Honeycomb)과 철근 노출 발생,,,,Strategy
Strat_295,타설 시 펌프카 토출 압력을 끝까지 유지하고 검측창을 통해 밀실 충진 여부를 전수 육안 확인_새만금전주 6공구 등,새만금전주 6공구 등,Risk_295,라이닝 상부 뒤채움 보족으로 대형 공동(Void)과 물곰보가 발생하며 지반 하중 집중으로 인한 구조물 성능 저하,,,,Strategy
Strat_296,전담 다짐 인력을 배치해 진동기 삽입 간격(0.5m)을 엄격히 준후하고 타설 전 장비/인원 계획을 재점검_광양시우회도로 등,광양시우회도로 등,Risk_296,골재와 페이스트가 분리되어 거푸집 탈형 후 내부가 텅 빈 대형 곰보와 철근 노출로 인한 내하력 상실,,,,Strategy
Strat_297,기계식 타설 시 전문 구조검토를 의무 수행하고 앵커 체결을 보강하며 현장 타설 속도를 엄격히 모니터링_상주-영천 10공구 등,상주-영천 10공구 등,Risk_297,임계 측압을 이기지 못한 거푸집 체결 볼트가 파단되거나 동바리가 뒤틀려 타설 중 거푸집 전체가 전도/붕괴됨,,,,Strategy
Strat_298,탈형 직후 피막 양생제를 즉각 도포하고 전담 인력을 배치해 규정 기간 동안 주기적 살수 양생을 실시_일반 터널 공통,일반 터널 공통,Risk_298,수분 증발로 인한 수축 응력으로 라이닝 표면 전체에 거북등 모양 균열이 발생하고 장기적으로 철근 부식 초래,,,,Strategy
Strat_299,좌우 단차가 1.5m 이내가 되도록 펌프카 토출을 교대 제어하고 3D 구조검토를 통한 특수 폼을 적용_장대 터널 공통,장대 터널 공통,Risk_299,한쪽으로 쏠린 막대한 유동 콘크리트 무게로 거푸집이 중심을 잃고 회전하며 내공 형상이 왜곡되거나 붕괴됨,,,,Strategy
Strat_300,타설 전 집수정 및 가배수로를 정비하고 대용량 양수기를 투입해 타설 구간을 완전 건조 상태로 유지_진접선 3공구 등,진접선 3공구 등,Risk_300,지하수가 타설 부위로 유입되어 시멘트 페이스트를 씻어내는 Wash-out이 발생하고 강도가 거의 없는 골재만 남음,,,,Strategy
Strat_301,수급 불안정 시 사급 전환 등 비상 공급 계획을 수립하고 지연형 유동화제를 투입해 경화 시간을 늦춤_오남수동도로 등,오남수동도로 등,Risk_301,하절기 고온에 기 타설분 콘크리트가 초결 경과 후 굳어버리며 후속 타설분과 일체화되지 못하는 구조적 결함 발생,,,,Strategy
Strat_302,분할 타설(Lift) 및 수평 시공이음 상세를 적용하고 온도 센서를 매설해 온도차를 실시간으로 제어함_평화의댐 치수증대 등,평화의댐 치수증대 등,Risk_302,내부 온도가 급격히 상승해 내외부 온도차로 인한 관통 온도 균열이 발생하고 구조체 전체의 내구성이 파괴됨,,,,Strategy
Strat_303,타설 전 고압 살수기나 브레이커로 표면을 거칠게 쪼아내는 치핑(Chipping)을 수행하고 이물질을 완벽히 제거_한탄강댐/호남고속철도 등,한탄강댐/호남고속철도 등,Risk_303,신-구 콘크리트 간의 부착력이 상실되어 층분리(Delamination)가 발생하고 이음부를 통해 폭포수 같은 지하수가 누수됨,,,,Strategy
Strat_304,갱구부 방풍문을 밀폐하고 열풍기/고체연료를 대거 투입해 압축강도가 확보될 때까지 영상의 온도를 엄격히 유지_새만금전주 6공구 등,새만금전주 6공구 등,Risk_304,영하의 기온으로 콘크리트 내부 수분이 동결/팽창하며 초기 강도 발현 전 동해를 입어 콘크리트가 푸석하게 바스러짐,,,,Strategy
Strat_305,시방 기준에 따라 수평/수직 이음면에 대한 치핑 비용을 내역에 반영하고 타설 전 철저한 쪼아내기 면처리 실시_진접선 3공구 등,진접선 3공구 등,Risk_305,표면 이물질로 인해 신-구 콘크리트 간 결합력이 저하되고 구조적 일체성 상실 및 이음부를 통한 대규모 누수 발생,,기준,,Strategy
Strat_306,지수판이 밀리거나 꺾이지 않도록 전용 고정 철물로 견고히 고정하고 지수판 주변을 소형 진동기로 정밀 다짐_한탄강댐/삼성-동탄 등,한탄강댐/삼성-동탄 등,Risk_306,지수재가 정위치를 이탈하거나 주변 다짐 불량으로 지수 경로가 파괴되어 지하수가 외부로 유출되고 시설물이 침수됨,,,,Strategy
Strat_307,후타 타설 전 기존 콘크리트면의 목재 조각 및 슬라임을 완벽히 제거하고 치핑 후 이음부를 따라 지수재 충진_한탄강댐 등,한탄강댐 등,Risk_307,이물질이 잔존하는 신-구 접합부의 미세한 틈을 통해 지하수가 스며나오는 물비침 하자가 발생해 내구성 저하 및 미관 오염,,,,Strategy
Strat_308,타설 시 진동 다짐과 압송 압력을 철저히 통제하고 발생한 불량면은 모체와 유사한 성상의 무수축 몰탈로 완벽 보수_파주-포천/새만금전주 등,파주-포천/새만금전주 등,Risk_308,미관 훼손뿐 아니라 피복 두께 부족으로 인한 내구성 저하를 초래하고 준공 전 대규모 면갈이(Sand Grinding) 비용 유발,,,,Strategy
Strat_309,거푸집 세팅 전 정밀 측량으로 단차를 확인하고 돌출부에 대해서는 면삭기/브레이커를 입해 이격거리 기준치를 확보_진접선 3공구 등,진접선 3공구 등,Risk_309,이음부에 5mm 초과의 심한 단차가 발생해 미관이 훼손되거나 차량 건축한계선을 침범해 대대적인 할석 작업 유발,,기준,,Strategy
Strat_310,바닥 부석 제거를 철저히 하고 누락된 요철보정층 수량을 실정보고로 반영해 평탄성 및 지지력 확보_부산외곽순환고속 9공구 등,부산외곽순환고속 9공구 등,Risk_310,바닥 지지력이 불균일한 상태에서 포장 완료 시 하중 집중 구간의 포장판 하부 공동화 및 부등 침하/균열 유발,,,,Strategy
Strat_311,기류 차단 및 타설 직후 피막양생제 도포와 습윤 덮개 양생을 철저히 실시해 초기 표면 건조 및 동해 방어_부산외곽순환고속 9공구 등,부산외곽순환고속 9공구 등,Risk_311,급격한 수분 증발로 초기 수축 균열이 다수 발생하고 공용 중 포장 표면이 얇게 떨어져 나가는 박리 현상 유발,,,,Strategy
Strat_312,초기 경화 직후(통상 12~24시간 내) 적기에 줄눈(Joint) 커팅을 규정 깊이(두께의 1/4)로 실시해 응력 유도_부산지하철반송선 등,부산지하철반송선 등,Risk_312,경화 과정의 수축 응력이 유도된 줄눈이 아닌 포장판 중앙부 등에서 터져 나와 통제 불능의 망상 균열 유발,,,,Strategy
Strat_313,침수 방지를 위해 대용량 예비 양수기를 즉각 추가 투입하고 개통 전 배수 시스템의 처리 용량을 정밀 재분석_진접선 3공구 등,진접선 3공구 등,Risk_313,"집수정이 월류(Overflow)해 승강장 하부, 궤도, 전력/통신 트로프가 전면 수몰되고 대량의 뻘이 퇴적되는 피해 유발",,,,Strategy
Strat_314,제어반을 습기 영향이 없는 별도의 환기실/전기실로 이동 설치하고 원방 제어 시스템을 구축해 유지관리 환경 개선_인천교통 214공구 등,인천교통 214공구 등,Risk_314,전기 패널 누전으로 인해 배수펌프 가동이 중단됨으로써 정작 집중호우 시 터널 내부가 침수되는 중대 결함 초래,,,,Strategy
Strat_315,배수관 단면을 확장하고 구배를 1% 이상 확보해 재시공하며 유입구 보호 스크린 설치 및 고압 살수 준설 실시_서울지하철 923공구 등,서울지하철 923공구 등,Risk_315,"숏크리트 반발재, 토립자 등이 배수관 내에 퇴적/경화되어 관로가 완전히 막히며 노면 위로 우수가 역류하는 하자 유발",,,,Strategy
Strat_316,부력 안정성 검토를 재수행해 부족한 사하중을 보강(콘크리트 추가 타설)하거나 락앵커를 설치해 융기를 차단_부산외곽순환고속 9공구 등,부산외곽순환고속 9공구 등,Risk_316,양압력이 구조물 사하중을 초과해 구조물이 배처럼 융기(부상)하며 상부 포장판을 파손시키고 노면이 일거에 붕괴됨,,,,Strategy
